"Accession","Mean","Median","Number of peptides","P-Value"
"P54577","0.17524222911204002","0.17524222911204002","2","0.77975499892671596"
"Q9H400","0.051791031513012675","0.0425756127303593","4","0.21165293787409642"
"P68366","0.13512954128831475","0.14308171568948799","4","0.88954456359585821"
"Q9Y6C9","0.027106457920393557","0.021784362540778899","7","0.036863956920816399"
"Q68CZ2","0.21653272446731167","0.19750226075872199","3","0.412883953864841"
"Q9Y224","0.092931674196199854","0.092931674196199854","2","0.62011517177974707"
"P40227","0.067791467028893243","0.107391354642329","5","0.24679920243420281"
"P08574","0.11703288788020381","0.12514854324855201","6","0.64168782802656921"
"Q13884","0.0741352552229885","0.072589017039463855","4","0.34140604502119454"
"P33241","0.086726646599167151","0.086726646599167151","2","0.57948639484822517"
"P33527","0.1056345454963321","0.113257642217965","26","0.17518148754674184"
"Q5HYI8","0.1437720489598775","0.1437720489598775","2","0.98659962365329479"
"Q15306","0.15711794097755549","0.15711794097755549","2","0.91326893428977285"
"O43242","0.12959015410913349","0.12959015410913349","2","0.88046298818325952"
"Q9UHA4","0.22320062242342822","0.225811306310117","4","0.30098394928397659"
"Q12905","0.10116863797019396","0.105163311130459","4","0.55433263438507263"
"P51798","0.18604417041963625","0.18222719366836698","4","0.58963724713635202"
"P16435","0.065468922811609973","0.059958180799606797","9","0.10954727129160846"
"P62750","0.12740685909320598","0.12740685909320598","2","0.86426470783891762"
"P18031","0.10200490693916731","0.113342951823018","3","0.61537460567159208"
"P04075","0.18505497979524296","0.180007434180156","13","0.34284925762889518"
"P61978","0.1605911444533816","0.14942972383490599","7","0.7910345919654872"
"P51790","0.22134884691831549","0.22134884691831549","2","0.47526636356733742"
"Q9Y6E2","0.14995371462606466","0.163214805609986","3","0.9595291808014752"
"Q9Y383","0.13647621905930951","0.13647621905930951","2","0.93184885386075889"
"Q6ZRP7","0.42537677579358257","0.41169333991896401","5","3.0856751722168729e-05"
"P13995","0.060030019070598628","0.064836912857991397","3","0.32381194212878905"
"P20073","0.10195206163860077","0.086752068312933195","9","0.38361133489680599"
"Q9Y394","0.031492591110770393","-0.0024015498181543201","3","0.18821998087545308"
"P32246","0.023384692390694749","0.023384692390694749","2","0.24982382920309701"
"O43795","0.26040208582187202","0.26040208582187202","2","0.27934313092309077"
"Q9P0L0","0.1598635827428215","0.1598635827428215","2","0.89278679045995135"
"Q9ULQ1","0.089901703396489854","0.089901703396489854","2","0.60012173037624295"
"Q8N4L2","0.244873409920388","0.244873409920388","2","0.34951908031781564"
"Q9Y2R0","0.070063782276189701","0.070063782276189701","2","0.47702900728007291"
"P54756","0.46699650864617087","0.49401410338241197","7","1.484797453147996e-08"
"O94826","0.042106924568396757","0.033822242866908797","8","0.051318305596231885"
"Q04637","0.19073983313168325","0.184768530348351","8","0.39464224312986551"
"P49821","0.06076541969938816","0.053797617745719901","5","0.20665849527180841"
"Q96G23","0.037531838216271651","0.037531838216271651","2","0.30890572465740984"
"P07919","0.19891242103276199","0.19891242103276199","2","0.61524824885270823"
"Q9UNK0","0.175360312700239","0.17016215602151052","4","0.69133901833285361"
"Q9UHB9","0.140662926115008","0.140662926115008","2","0.96324484917291708"
"P41250","-0.0054671993635358497","-0.0054671993635358497","2","0.15486999358628414"
"P07910","0.069974969614020402","0.069974969614020402","2","0.4765113518421733"
"P41252","0.056127365685897823","0.096808382174789098","5","0.18290345371117181"
"P61981","0.17996700874827398","0.18326037213794499","3","0.69137277928967722"
"Q8IW52","0.304208183217202","0.32496525182000802","3","0.067213225474813149"
"Q9UBM7","0.10838159829506826","0.100378615119689","5","0.57982208000950108"
"P53674","0.45740588090068668","0.18520849503016401","3","0.00032268953900868065"
"Q12931","0.073520181364539597","0.081203325886357494","5","0.28333931479031338"
"P02545","0.1289486856509699","0.100376908884993","5","0.80465775012072649"
"Q9Y679","0.048261128575579654","0.048261128575579654","2","0.35942678175273313"
"P11233","0.11644819173243501","0.11644819173243501","2","0.78395143815414725"
"P55786","0.18200913218122","0.18200913218122","2","0.73131354705367879"
"Q29RF7","0.16180638522700699","0.145338701897129","3","0.85128213119754381"
"Q9HB71","0.0022347720131720705","0.086688400691225645","4","0.056260325857509626"
"Q9Y673","0.011223568124374","0.011223568124374","2","0.20575423881154858"
"Q9NP72","0.14314750024291076","0.14759638879572101","6","0.96866684412558868"
"P13747","0.212431632123918","0.212431632123918","2","0.52875183806020554"
"Q8WTV0","0.52354762311419301","0.52354762311419301","2","0.00037052770024104191"
"Q15393","-0.015973463808793678","0.065824498912628801","5","0.016157629117499829"
"P62258","0.15845952635167199","0.16988013491144549","8","0.80792651426094531"
"Q15436","0.052869804010809159","0.052869804010809159","2","0.38263824987153938"
"Q9NP79","0.16368436500952324","0.16368436500952324","2","0.86440733951994719"
"P13667","0.081282169865668552","0.081282169865668552","2","0.54490053468104804"
"Q9HAV4","0.15459012992488599","0.15459012992488599","2","0.9321775436015316"
"P62879","0.15238902534386001","0.13263060261594051","6","0.91122418144936079"
"P29992","0.15131932911784032","0.13385369882592199","3","0.9469807125068701"
"P05387","0.1024071205976062","0.11961665822559051","4","0.56543903074551805"
"P52799","0.49882176301467829","0.49911030818101998","4","2.5348945012797453e-06"
"Q99653","0.12773283459203424","0.15100299831249001","4","0.8123359388581376"
"P62873","0.088423821205308034","0.094419464088469005","9","0.25363181484425379"
"P78347","0.10705163777565703","0.1150070009287565","6","0.52988506769188926"
"P05388","0.14387873577137775","0.130346916763977","3","0.98457027733086067"
"Q96RT1","0.19736249188340735","0.19630161823943301","3","0.55005714448023757"
"Q8NDZ4","0.15941595757135849","0.21295453857375551","6","0.82110048961095705"
"Q9Y5U9","0.11353603379112409","0.11353603379112409","2","0.76295425170916109"
"P62910","0.1595562941496621","0.1595562941496621","2","0.89507637632387393"
"Q15005","0.19279732633941868","0.16612248067205648","6","0.44085852871003983"
"O00560","0.12232952911855943","0.15378656439903801","3","0.78874583337463056"
"Q8TCJ2","0.17246995154423361","0.16924475494834501","5","0.68852574184274851"
"P07355","0.10951024296156045","0.114828437116307","5","0.59138094782717454"
"Q16795","0.19782748316406665","0.15807250866220601","3","0.54648878640665"
"O76021","0.09679837203197772","0.086613842776131295","3","0.57378838764266304"
"P52272","0.12858482556392714","0.130294786430144","7","0.76489781490341824"
"Q96JJ7","0.25898066873243736","0.26739671359410699","3","0.19069714967277604"
"O94906","0.21243206066176831","0.163064401065002","3","0.4404029896046342"
"Q969N2","0.28874073659798299","0.303531471673329","5","0.032969615951746523"
"Q15149","0.141291164852694","0.141291164852694","2","0.96796204205939262"
"P39656","0.14357843405178336","0.13458341808774499","11","0.96517039772560365"
"O60476","0.2910937302387781","0.29059126296075999","7","0.010329025566726536"
"Q14108","0.36808447886228129","0.36439284593994403","6","0.00028310149245353738"
"Q15366","0.44348389338652733","0.139545082379328","3","0.00059102080005785085"
"Q15365","0.13081822983383651","0.13081822983383651","2","0.88959675986362685"
"O15258","0.062255634497308997","0.058693108388761697","3","0.33656217990022252"
"Q15363","0.1292242386187076","0.165635660587691","5","0.80783633955900491"
"O00400","0.0339703512869928","0.0339703512869928","2","0.2932271750545683"
"Q8N6T3","0.14027474774948134","0.15119900399091599","3","0.95142530835047356"
"Q9H0A0","0.13089971113952767","0.0992121972276475","3","0.86574021810470347"
"P29401","0.14004720266328169","0.101649616368807","5","0.93462156958820719"
"Q9UMS4","0.111384674625776","0.111384674625776","2","0.74755184824435206"
"Q12846","0.1157347757334983","0.104405546239319","5","0.65694850281524819"
"Q03519","0.059783755298861277","0.051738026522241701","7","0.13067464543064283"
"Q9H7F0","0.22971366952327907","0.24809860848086601","11","0.063020429987594787"
"Q9P2J5","0.022313715928042502","0.043747124635137101","3","0.15510182382762025"
"Q9ULC5","0.025209987656508601","0.0","3","0.16503537806105389"
"Q9BTU6","0.24644448205950634","0.22363301696233701","3","0.24446478593255569"
"Q8N5K1","0.045257474503626632","0.050611297014169901","3","0.24724156773382003"
"P18084","0.497533663606472","0.497533663606472","2","0.00091570245293306313"
"Q9UKR5","0.082890314445568297","0.082890314445568297","2","0.55500880374732153"
"P35241","0.109266555068914","0.109266555068914","2","0.73248577142057203"
"Q08209","0.061294992991806449","0.061294992991806449","2","0.42737779251554708"
"P98194","0.17986338981425362","0.15972033423156751","14","0.39255718785774862"
"O75533","0.11618731031850495","0.112398922472097","6","0.63184151163901858"
"P61158","0.17961937965045757","0.176882031872513","3","0.69433759215674395"
"O75821","0.21346164515478705","0.21346164515478705","2","0.52240891314726667"
"P35249","-0.154398274911377","-0.154398274911377","2","0.0047272021335778309"
"O75822","0.14565467161160739","0.14565467161160739","2","0.99925179362447314"
"O94779","0.64181405252701207","0.64442548110213704","3","1.0414018068608356e-08"
"Q07960","0.046986245082333199","0.046986245082333199","2","0.35316648762646652"
"P19256","0.27002429264828898","0.27002429264828898","2","0.24102425387207191"
"Q9UQE7","0.13190577197502501","0.13190577197502501","2","0.89769764760695969"
"Q5W111","0.15609022235571052","0.15609022235571052","2","0.92095115425216778"
"P04229","0.38705859666378201","0.38705859666378201","2","0.022919436375460248"
"Q96CS3","0.11365210302752822","0.114468250336397","5","0.63468324038225465"
"P62805","0.063333621332173157","0.059280670843051497","7","0.14736229576094761"
"O60610","0.045374016673646399","0.045374016673646399","2","0.34534707633750716"
"Q14103","0.1241469471805885","0.1241469471805885","2","0.84018723879724588"
"P62753","0.16589676267578926","0.17152966735299999","3","0.81446546650652718"
"Q15382","0.073293177738040297","0.073293177738040297","2","0.49607987382301599"
"Q9BXW6","0.010852109972307511","0.010852109972307511","2","0.2045135746827268"
"Q8N1F7","0.21262498539418251","0.21262498539418251","2","0.52754060142286274"
"Q15070","0.103783441773367","0.103783441773367","2","0.69397312050118387"
"O14980","0.097205754136741859","0.081876613267069201","5","0.47147114303741022"
"P36542","0.079629403095096835","0.103995743132652","5","0.32616944957703897"
"O15321","0.074169733778820093","0.074169733778820093","2","0.50132112324662748"
"Q9BUP3","0.14450178829169882","0.16286346370002602","4","0.9888048242215236"
"Q9Y2T6","0.073699502214826004","0.073699502214826004","2","0.49850563136218395"
"Q8NB49","0.1197141784874136","0.13297095925718","13","0.534893241371873"
"Q9Y320","-0.02262166511525","-0.02262166511525","2","0.11316669949543197"
"P11142","0.1125642838247604","0.1155337275440815","12","0.44654929131779875"
"Q9UHG3","0.27454119167716601","0.304604519394998","3","0.13674520251765954"
"Q8NG11","0.26069110704474352","0.26069110704474352","2","0.27813527170918745"
"Q9BVC6","0.1104189570920459","0.098267934688422404","4","0.63974651765091683"
"P31949","0.11835755483858607","0.13023714717961948","4","0.71712504115011466"
"Q16706","0.32577914570362454","0.33552392556410449","14","7.0987841169730394e-06"
"Q9NQX7","0.83042177293374952","0.83042177293374952","2","1.1226683945622902e-10"
"P12268","0.077237591282105111","0.065808681907299396","3","0.43061585274956149"
"Q16134","0.051304287444783651","0.051304287444783651","2","0.37465188620467416"
"P31948","0.20249820127485851","0.20249820127485851","2","0.59169954063223007"
"Q9UQ13","0.1860326849036395","0.1860326849036395","2","0.70299656367976548"
"Q9H8H3","0.037020874642956093","0.040205057384757499","4","0.1482365566163199"
"Q13724","0.349578028750749","0.32000518731734701","3","0.018592083540052883"
"O75387","0.0049051561887413359","-0.021727928965677702","3","0.10468030477805754"
"O75381","0.037864290914173725","0.037864290914173725","2","0.31039726187801187"
"Q9H9H4","0.14736678511478743","0.175985770849932","3","0.98332522389322241"
"Q9BQ95","0.227794144692616","0.227794144692616","2","0.43855080295483428"
"Q8TF71","0.078815504267247358","0.10475403255848099","3","0.44133976839880096"
"P13796","0.16640339584498751","0.16640339584498751","2","0.84431232333793482"
"Q92572","0.26076597925630052","0.26076597925630052","2","0.27782294097630283"
"Q96L92","0.13830322411425175","0.1695611330837235","4","0.9230440855513975"
"P53701","0.131872357865778","0.131872357865778","2","0.89744857228594477"
"P46092","0.14130253083843866","0.18279264147122601","3","0.96087211825698504"
"Q92616","0.12494732686181402","0.12619182455536401","11","0.64894269249141001"
"Q53H12","0.035044643862263018","0.057962644935891101","9","0.027237450754974385"
"Q14204","0.12720422472716147","0.127666761944565","15","0.63594613053139892"
"A0FGR8","0.13627759107672879","0.122294756958226","6","0.87968936167501355"
"O60763","0.086920262358740549","0.079543002153624198","4","0.43475295347390996"
"P62899","0.084374935828646358","0.084374935828646358","2","0.56442150105941391"
"Q15437","0.1560839357459515","0.1560839357459515","2","0.92099832276410376"
"P16278","-0.011575583536752147","-0.011575583536752147","2","0.13885398297087456"
"Q9BUJ2","0.03511419823439673","-0.00012146231708248901","3","0.20263318961249521"
"P00338","0.17582415902363915","0.159544446826799","6","0.62142201737409497"
"P37268","0.3428220541867395","0.33811677844660448","4","0.0085959110200279683"
"O75947","0.10639295848449286","0.094858013332199398","8","0.46066082420409715"
"P06213","0.16292669897745618","0.16505094946711699","17","0.63332573008046888"
"Q92841","0.10169755862598562","0.086079679641610604","7","0.4396032965488379"
"P17844","0.10386088133492678","0.110056119203516","6","0.49635145602017172"
"P50570","0.066632058060464752","0.066632058060464752","2","0.45723035173475379"
"P20036","0.51115264161345897","0.49956331184753699","4","1.119013509815528e-06"
"P07814","0.059547448746278799","0.062211610995482496","6","0.16055611999841343"
"Q86VP6","0.15420091745521966","0.17033366180381601","3","0.92054893790822467"
"Q9NPF0","-0.046104562967500949","-0.046104562967500949","2","0.071026653091669653"
"P25774","0.052610982986988998","0.052610982986988998","2","0.38131121826566239"
"Q9NVI1","0.24346573627990797","0.24346573627990797","2","0.35639017104980619"
"O60486","0.25095277845759223","0.227301940106793","9","0.035213096688146976"
"O43169","0.12400295958438232","0.12503140675763902","4","0.77403544673504543"
"O60488","0.15231471940195904","0.13372543698536851","4","0.92825101547360311"
"O94905","0.36338320058546819","0.37301830279816051","6","0.00038002590120926762"
"P30086","0.11204453665636563","0.128866981535146","4","0.65530917814291834"
"P31146","0.10897893336244972","0.112379863513179","12","0.39873230761338541"
"P22102","0.03734570432468555","0.03734570432468555","2","0.30807433845459009"
"Q96IX5","0.099022776104021701","0.099022776104021701","2","0.66116128265660978"
"P06744","0.26794303723560975","0.24967847194555601","4","0.10303618959455771"
"Q92520","0.064533463224244927","0.052310238830697901","3","0.34994239689618645"
"O75643","0.10904842189238111","0.114680156032009","9","0.46572892212382055"
"O15020","0.235634491950236","0.23272906748713151","4","0.23016308454139187"
"Q5VW38","0.57282518723257758","0.57282518723257758","2","5.7156669096899149e-05"
"P13473","0.43527796468834651","0.43527796468834651","2","0.0063540797434284754"
"O00203","0.30557096556492519","0.30385514854079299","5","0.01716752893793945"
"Q8NCG7","0.11637873966541493","0.060707473205564702","5","0.66390727777949299"
"Q53GQ0","0.089647533168467908","0.085928709488729604","9","0.26394121074858845"
"P01903","0.34349937964383837","0.332281491959172","13","2.0052853375047437e-06"
"P23458","0.24908932608569939","0.26078361618463303","9","0.038572011593349616"
"Q9Y2G3","0.17216044055761676","0.16467754499271647","4","0.72302798840160387"
"Q9BRR3","0.297931030283487","0.297931030283487","2","0.15120449471841726"
"Q16850","-0.0063258453451830662","-0.011509702193448299","6","0.013217652645315296"
"P32322","0.041351382271803398","0.041351382271803398","2","0.32632477052517661"
"Q9H3Z4","0.15887590936123561","0.15887590936123561","2","0.90014752930244069"
"Q96CW1","0.25039192910362351","0.25039192910362351","2","0.32339411707775767"
"Q15223","0.329354529523331","0.32320909500370898","3","0.033977078371571504"
"P53634","0.10095056734568406","0.10907906671207651","4","0.55239028391798795"
"Q9H4A6","0.12243169009982444","0.12243169009982444","2","0.82757650732844312"
"Q9UN86","0.26260270603962149","0.26260270603962149","2","0.27023372744850516"
"Q9H444","0.20566177645756079","0.17920639262872601","5","0.37068437229548223"
"P49720","0.16957640823931755","0.16957640823931755","2","0.8209940133134862"
"Q02978","0.087894825518563757","0.082190151932063554","8","0.27736691114133977"
"O43760","0.15172816671522749","0.157394864008261","4","0.93446190048711608"
"Q02878","0.12624972474405413","0.12780608203525601","6","0.75278538721759258"
"O00299","0.159502060823832","0.14874951511284301","5","0.83544796071163663"
"P07195","0.15986839526801566","0.16032254106767899","3","0.86884562653859732"
"Q01844","0.1235155110954935","0.1235155110954935","2","0.83553928350149986"
"P41440","0.061835366352410777","0.060634721960907002","4","0.2647525949475194"
"O43427","0.018040630911983754","-0.0029235774079106902","3","0.14127728027965805"
"Q07955","0.12917418172624978","0.1068988327293645","4","0.82726308103852153"
"P52333","0.50782520232523298","0.50782520232523298","2","0.00064448876353790047"
"Q12893","0.1171381452428925","0.1171381452428925","2","0.78895009739475019"
"P16150","-0.004064220879192686","-0.004064220879192686","2","0.15873881108582208"
"Q9BTT6","0.21083296704988949","0.21083296704988949","2","0.53863075813809624"
"P51648","0.15021537468783494","0.17719219825906701","7","0.93454858393391338"
"Q14739","0.072434484489591541","0.074272780697495003","5","0.27614614662319298"
"Q86X29","0.26459549102797048","0.2594266673673925","6","0.0521260806512912"
"O75165","0.21727698236035428","0.17943105464797399","12","0.097997203959817036"
"Q9UBH6","0.1364314289989686","0.18241942141908099","5","0.89191784839485022"
"Q969P0","0.057000213627910121","0.052415109471008497","5","0.18720816583661759"
"O95202","0.10098447389807071","0.093137846198352692","10","0.3478514510837819"
"P54762","0.048581045875582471","0.048581045875582471","2","0.36101018856510869"
"P31689","0.17095653646020451","0.17095653646020451","2","0.81089741163289775"
"Q8IXU6","0.31908125312266578","0.27294543869003701","5","0.0097719577693050341"
"Q15046","0.1026381406222163","0.1026381406222163","2","0.68602491997602932"
"P54764","0.45296326542214149","0.45296326542214149","2","0.0037857781737817907"
"P05107","0.35855942693938597","0.34577684099247102","15","3.9396913326864767e-08"
"Q86Y82","0.19655726691516881","0.188385846141438","5","0.4474936954802482"
"O75365","0.21502524649354351","0.21502524649354351","2","0.51287478761363092"
"P26640","0.15526785825108774","0.13061532408730719","10","0.83792429396330137"
"P26641","0.13397846143914185","0.14278938165157251","6","0.85019238122109198"
"O95168","0.12714194146341451","0.12714194146341451","2","0.86230534757114508"
"O95169","0.1603480227223025","0.1603480227223025","2","0.88917981578938488"
"Q13232","0.038605139321960635","0.014324333456666","5","0.11119671947213403"
"Q7Z3C6","0.13447971235168638","0.148676112879713","5","0.86899046392628976"
"O15118","0.38878207573110074","0.38635431224476202","9","1.1780501217505349e-06"
"Q13948","0.1015553596115453","0.1015553596115453","2","0.67853991423032345"
"Q9Y2K7","-0.14342262646054049","-0.14342262646054049","2","0.0064962986270647232"
"O43491","0.20130492359830565","0.18804067558947499","17","0.12577522807720515"
"P07686","0.057767544563901749","0.057767544563901749","2","0.40828620610683775"
"Q96AQ6","0.51657903203769462","0.491847498463373","6","1.4342435975937898e-09"
"Q9Y4W6","0.080407218328134231","0.08018598676103536","12","0.13281194454640838"
"Q9P0K1","0.067442354399247353","0.047730406040672302","3","0.36751509269555827"
"P60866","0.1670327599386065","0.1670327599386065","2","0.83967549223028559"
"Q8IWT6","0.13840985001130418","0.14593212620149401","5","0.91525037161405376"
"P13639","0.14921173840534999","0.14492260761929401","13","0.93002650761064964"
"O60266","0.23426195059192151","0.23426195059192151","2","0.40339575250239046"
"P57105","0.084404472998848651","0.084404472998848651","2","0.56460951765744971"
"P11586","0.15051308100474772","0.17522272972094199","3","0.95438840392317859"
"P61353","0.071380028692857214","0.071380028692857214","2","0.48474698915006498"
"P26010","0.14764401136077535","0.14529626585418201","13","0.95999100855384378"
"Q9P258","0.12421835076353295","0.12421835076353295","2","0.84071262962835847"
"Q9HDC9","0.052479409855021773","0.089698726710951943","6","0.12889702951629936"
"Q9NVT9","0.13761209012126499","0.13761209012126499","2","0.94035829029180051"
"Q8TCG2","0.24323953268557552","0.25119259071651651","4","0.19317862564528102"
"O14828","0.17573793252727213","0.174919755135239","8","0.56961999360450366"
"Q86Y56","0.20835707388844049","0.20835707388844049","2","0.55414368739904152"
"P15880","0.12436827580299251","0.12436827580299251","2","0.84181694017913966"
"P50416","0.055993052922115788","0.049886757607740598","11","0.04788028173973579"
"Q9BXS5","0.19126959861421533","0.16938388314893599","3","0.59792715124478779"
"Q15019","0.14262487373490801","0.14262487373490801","2","0.97797997155333949"
"Q15645","0.0495790352930425","0.0495790352930425","2","0.36597185089089257"
"P60660","0.08534268903928964","0.074153521749915102","3","0.48728161028868433"
"Q9BXS9","0.095621205939834197","0.095621205939834197","2","0.63810302103325611"
"P21912","0.0835987878912548","0.0060755138669103901","5","0.35616760281432047"
"Q6PJF5","0.16382314382683549","0.16382314382683549","2","0.86338166370132252"
"P04439","0.26260055382906333","0.25649250619191299","3","0.17692593544388724"
"P46940","0.13074560603733693","0.12620433995379998","10","0.755100812910242"
"Q9UDX5","0.089609344776765645","0.089609344776765645","2","0.59820689939917338"
"P30049","0.08999364618745051","0.08999364618745051","2","0.6007224862753775"
"Q10469","0.11760700388420076","0.107210883580364","5","0.67723023407163496"
"Q8TDW0","0.21439547445795648","0.21439547445795648","2","0.5166994241727354"
"O60506","0.11401942571232163","0.11032927999630249","4","0.67441744612662824"
"P05198","0.0040721766730453012","0.091329110667909899","3","0.1026545686911526"
"P62316","0.057710982040599636","0.058882833340127803","3","0.31086601136254099"
"Q13425","0.16718822720530069","0.17488424215322501","3","0.80291955012395155"
"Q99747","0.15047012136650836","0.16858787114301299","4","0.94779699392272554"
"Q13423","0.097602790036116466","0.091428057082616296","21","0.14330385299612267"
"Q96KC8","0.042335444623603689","0.033874602581106097","4","0.16913370565418748"
"P00505","0.025313463905454598","0.025313463905454598","2","0.25737945371580068"
"P07437","0.1483441246417096","0.151414014144924","5","0.96686682769284027"
"O60313","0.068196892991230773","0.06401657877165845","12","0.074301659792634617"
"decoy","0.017464850136393269","0.1274869549161505","30","4.2876707723040136e-06"
"Q9Y490","0.12126497386117266","0.12126497386117266","2","0.81902335007144622"
"Q9BQG0","0.10808066024433692","0.12296933462807","4","0.61763840303880535"
"P61619","-0.015833982409315751","-0.015833982409315751","2","0.12846404796999633"
"P62495","0.14992306513976403","0.16159983238388001","3","0.95981093877618595"
"P39748","0.14821126261690135","0.152425618174274","3","0.975554540172197"
"P43243","0.11538290304594923","0.092763678586348958","6","0.62253896307648304"
"P08107","0.035920027325231217","0.01947080445153344","4","0.1441676624673838"
"Q99828","0.1148463147914766","0.11326666426441859","6","0.61636143640335717"
"P08069","0.33433453675302982","0.30184915091863002","5","0.0049323150419706193"
"P22314","0.22239049880691933","0.17341620792624499","3","0.3754058867531529"
"P61006","0.14380772304629402","0.14380772304629402","2","0.98686770258657863"
"O75915","0.18493192764201302","0.18568708118685201","3","0.64963429567173447"
"Q5SGD2","0.19510389247716367","0.216333551912119","3","0.56758088920069438"
"P50395","0.1580486468538265","0.1580486468538265","2","0.90631879632608792"
"Q9UKV5","0.138045253932706","0.138045253932706","2","0.94360520041098384"
"Q9NWS8","0.09619139290059231","0.09619139290059231","2","0.64194457560457852"
"P30101","0.036472260299601475","0.075317380832459799","17","0.0027458227978481011"
"P27797","0.058236378527068457","0.059449397681190702","9","0.081028238080538037"
"O14734","0.023703652813193133","0.057796788364946297","3","0.15980856941127136"
"Q96FZ7","0.18292199420063898","0.18292199420063898","2","0.72485491387907841"
"P35606","0.11779558879147124","0.098334668125637195","7","0.62471255400959969"
"Q96FZ5","0.1301987058443719","0.1301987058443719","2","0.8849877645944626"
"P30040","0.033791285927256783","0.031019094314857752","4","0.13653785366702165"
"Q9BUN8","0.02221048598048395","0.02221048598048395","2","0.24530170276325633"
"Q13641","0.48995728582903253","0.48995728582903253","2","0.0011791329997679902"
"Q9UBS4","0.27851257645827898","0.27013472203288647","4","0.07654154926773761"
"P78527","0.095345051301274325","0.096652358767247842","20","0.13477208837748653"
"A2RRP1","0.19252883444645064","0.13205519636469601","3","0.58788590293579168"
"P25205","0.16986580725887368","0.151674393547539","4","0.74605628438441618"
"Q15126","0.15056964919129351","0.115379502505513","3","0.95386826665158253"
"P05362","0.22231227825810571","0.21791186015253899","11","0.089966038277994709"
"P27701","0.439279465984171","0.44233917409941897","3","0.00070323216464091714"
"P48735","0.087054526881222102","0.087054526881222102","2","0.58160171024985163"
"Q02127","0.10636500385518433","0.11597047193173041","4","0.60163049414674963"
"Q8NBQ5","0.069235432725936949","0.069235432725936949","2","0.47220766172883788"
"Q8NFY4","-0.15047496714817801","-0.15047496714817801","2","0.0052981527604544863"
"Q9Y5Y0","0.11978645236248163","0.12086933071832195","4","0.73139889839588856"
"Q96AG4","0.088598575903200763","0.073384501115401707","7","0.31552870754806989"
"P62244","0.069477841628403758","0.069477841628403758","2","0.47361508708606181"
"Q9Y4L1","0.047024145400738009","0.047904376463041749","12","0.023007542188743811"
"Q9Y487","0.14900941207118459","0.1378592501438875","8","0.94811458001882054"
"Q96HS1","0.31193487519604801","0.31193487519604801","2","0.11707936040414288"
"Q9NZL4","-0.1220909934314235","-0.1220909934314235","2","0.011709549937609526"
"Q8NBN3","0.18706512111176749","0.18706512111176749","2","0.69579416879264766"
"Q9BSA9","0.13407738896632782","0.13407738896632782","2","0.91390500631997706"
"O43759","0.19314066013798098","0.19314066013798098","2","0.65398530698488933"
"Q13283","0.16289683877383582","0.14167275882340599","5","0.79619146985259837"
"Q9UQ49","0.092084157461510607","0.11120110239491929","4","0.47628333129396527"
"O43752","0.15351732650436967","0.14371683737660501","3","0.92681239052762954"
"Q86UN3","0.29966917529849246","0.31982194264268299","4","0.040080989533903974"
"Q9Y282","0.41672731194872931","0.40739311453001997","7","1.7707750693064939e-06"
"P84098","0.097052868295058242","0.097052868295058242","2","0.64776682036179811"
"Q04656","0.088647813848130877","0.10259196155101399","5","0.39669056255543356"
"Q92643","0.30754060550871271","0.29179628607598951","4","0.030945608556160346"
"O00159","0.11469680000369435","0.127758176884466","19","0.37031084356802846"
"Q99541","0.03527271523151785","0.03527271523151785","2","0.29889736061810712"
"P48651","0.094478368260058954","0.094478368260058954","2","0.63043259212652603"
"Q15392","0.2061595892788495","0.2061595892788495","2","0.56809172975999211"
"Q9Y678","0.17249081319163173","0.132533838208061","9","0.59045538960648147"
"P61225","0.11359269940050651","0.11359269940050651","2","0.76336061862819016"
"P84095","0.15411118120027203","0.17070338029557899","5","0.89860019990572126"
"P61221","0.12466840433482629","0.119612508862194","5","0.75574200736537633"
"Q14498","0.12562413092644459","0.12740656499113601","4","0.79062207966242659"
"P01834","0.082069427534381928","0.065323039421981505","4","0.39772059883392197"
"Q9UJZ1","0.10187526614399242","0.096329965705364604","4","0.56065614549213727"
"Q14554","0.14899007217042451","0.14899007217042451","2","0.97418846078703558"
"P34910","0.17969032465007301","0.183336690740665","4","0.64930982206470367"
"Q96KP4","0.19563036729619615","0.19563036729619615","2","0.6371561322430993"
"P07099","0.083081551419057556","0.083081551419057556","2","0.55621735396286853"
"P57088","0.12588633310687847","0.13498470315799849","4","0.79331249265593096"
"P52569","0.083541601879007249","0.033322604726515208","4","0.40876509129917271"
"P20042","0.092133194854206249","0.092133194854206249","2","0.61481790042765705"
"Q86VR2","0.157643531794398","0.157643531794398","2","0.90934314648723269"
"O75694","0.15790697637495646","0.152953068316311","7","0.82769165659818489"
"O75695","0.13310591112946102","0.13310591112946102","2","0.90664996091016703"
"P13987","0.21361968949075849","0.20671072259576051","4","0.36456653814752982"
"P21964","0.058250366308668935","0.0506072091193061","5","0.19351053548779951"
"P52907","0.17733078437983898","0.18439304389934","3","0.71393262250779821"
"P13598","0.364206036114194","0.364206036114194","2","0.039443135766381476"
"P12109","0.32793586357927951","0.32793586357927951","2","0.085814485161034723"
"Q9UBV2","0.18992764059201522","0.175935499381252","5","0.50870212367047707"
"Q15738","0.18173797472321923","0.184803534791072","4","0.62980812099715777"
"P05067","0.051685634518191824","0.080792860719036894","3","0.27884683186657999"
"P34741","0.18265769443681798","0.188332911861057","4","0.62113060149173627"
"O00483","0.065425221446665849","0.065425221446665849","2","0.45038414903214186"
"Q9Y6R1","0.19463953756067542","0.1955966618994415","4","0.51320550322428282"
"O43504","0.26127765133048825","0.235096442641406","4","0.12318747981467992"
"Q8WU79","0.10175629176096865","0.10175629176096865","2","0.67992650102933028"
"O94832","0.039659779145023326","0.0466139271422914","22","0.0009407452276841415"
"Q9UQ80","0.11424153863605209","0.11480734228044299","7","0.58107680719651955"
"O96008","0.04032698028073075","0.048921060236423855","8","0.047446227933331968"
"O95249","0.12678637179201202","0.12678637179201202","2","0.85967126493549695"
"P55209","0.15728831090053652","0.15728831090053652","2","0.9119962239041961"
"Q68CP4","0.25977557992955402","0.28189823828750399","3","0.18760803325960049"
"P37802","0.19561756890774074","0.19357998645601848","4","0.50484326427419335"
"Q9NVH1","0.0054248417731372518","0.021814073723737601","4","0.061950429194676346"
"O96000","0.086773560124778271","0.077699319816911597","3","0.49768796446961239"
"Q8NBW4","0.073867440842361604","0.073867440842361604","2","0.49951007960259963"
"P25705","0.076429328112374489","0.080392728728475193","19","0.04476593196787159"
"O14548","0.202345947037672","0.202345947037672","2","0.59269284755480145"
"Q04721","0.064691524435002951","0.062789494534336798","7","0.15417305539341516"
"Q9BRT2","0.095831459449822451","0.095831459449822451","2","0.639518196003797"
"Q6P2E9","0.15258485826540158","0.15435222465849399","5","0.91661655216689275"
"Q96S52","0.26420626342452674","0.27233334031162904","4","0.11398230237020889"
"Q9UEU0","0.20265962827211201","0.20265962827211201","2","0.59064918123454668"
"Q9Y666","0.13241272323273751","0.13241272323273751","2","0.90147750900735168"
"Q9H078","0.073144227908482948","0.073144227908482948","2","0.49520589611772592"
"P49795","0.13279397824084535","0.19510543715897799","3","0.88296078191925809"
"O43615","0.023172467468875253","0.032886107573069","9","0.014472156935935062"
"Q9UBB4","0.055402045866485269","0.055402045866485269","2","0.39577423300818937"
"Q9HD45","0.19316178938920026","0.1944621109626255","4","0.52596569547881433"
"P49790","0.22352821993078698","0.22352821993078698","2","0.46267075679330683"
"Q9NX63","0.10046050373195566","0.10351636721137","5","0.50182827981725553"
"P49792","0.074752614429832193","0.074752614429832193","2","0.50482545209912189"
"Q00341","0.19641696318930851","0.19641696318930851","2","0.63187304360843066"
"Q00610","0.1412659607576543","0.13566511954011601","25","0.88641837697207504"
"Q9NUQ9","0.1906299306146455","0.17390404478664301","6","0.46210193778625308"
"P61313","0.060739392772600348","0.060739392772600348","2","0.42433665399276166"
"P78357","0.15237144740284564","0.15793845413847099","11","0.88031219919880144"
"Q9NUQ2","-0.042885941085000399","-0.042885941085000399","2","0.075899434413566363"
"P15153","0.18536568076075599","0.18536568076075599","2","0.70766327664326312"
"O00571","0.14876128765856553","0.179172747491192","3","0.97049469982698056"
"P14866","0.050895664730605104","0.058764821527648801","3","0.27482010225614562"
"Q9C0B5","0.097093748950107153","0.080889902897053695","6","0.42915496414450649"
"Q9Y2T2","0.32299813398763183","0.31460232726474902","5","0.0082261119082052102"
"P63104","0.14801545997982793","0.168873701588592","7","0.96541726897141711"
"O15247","0.13383413229369764","0.12870497983757001","7","0.8363634726717295"
"Q13263","0.11110628229512184","0.13450119251182999","5","0.60790926703105486"
"Q13303","0.11930123918124699","0.11930123918124699","2","0.80467684000571671"
"Q9UM00","0.066381512816438046","0.066381512816438046","2","0.45580728032247619"
"Q7Z2W4","0.20123730236659718","0.249623755720741","3","0.5206336028234213"
"O60462","0.014608711035132744","-8.6843596967179596e-05","5","0.05115131750552486"
"O75131","0.17158134457832333","0.17433347834281598","18","0.46206060718158404"
"P48960","0.19891369209394941","0.18742582414789899","5","0.42679238381044715"
"P13073","0.34274373410085007","0.18404109085531201","3","0.02293233370585019"
"Q9BXP2","0.21191041024320467","0.205806746351477","3","0.44397031143433496"
"Q12996","0.16917363693117698","0.16917363693117698","2","0.82394423454828314"
"Q14677","0.091689844302894327","0.085286041876352706","5","0.42242153310161534"
"Q8N697","0.091704270478678546","0.091704270478678546","2","0.61198061936972015"
"Q7Z5G4","0.075273609268576736","0.057821930701899803","3","0.41748311042483455"
"Q96RQ1","0.3735207317446827","0.35559970934683999","3","0.0085431561471430283"
"O15126","0.20713833890863825","0.22534896038844199","7","0.27783236507566905"
"O15127","0.079111080666294201","0.097625508207665607","3","0.44336361730308238"
"Q8TEM1","0.13366102749169384","0.134792640406242","10","0.80218526908560928"
"P09543","0.15056351687352273","0.15157282472963401","4","0.94680624709016303"
"Q9BUR5","-0.46964184695829503","-0.46964184695829503","2","6.9373453644300157e-09"
"O94766","0.26098727114978498","0.26098727114978498","2","0.27690581741445319"
"Q01105","0.092399089774213836","0.10881726598408301","3","0.53972304806570137"
"P35250","0.12277596647664137","0.122687347413002","3","0.7927117367431491"
"Q9NX62","0.39042170324682207","0.11248288874632099","3","0.00474344517230392"
"Q9NY35","0.12374215772443099","0.12878103165910401","3","0.80131513873366045"
"P01130","0.247761918308919","0.247761918308919","2","0.33568100326233041"
"Q9BXS4","0.14817281987113365","0.14817281987113365","2","0.98032843497693678"
"P61160","0.223718828466419","0.16707732063972353","4","0.29778563249203399"
"P61009","0.26922372702822822","0.28622013504391253","4","0.09948013909532219"
"Q15758","-0.075856150575606116","-0.093439279650206097","11","1.0064841341575641e-06"
"P22626","0.10545243395108514","0.091703031986700351","8","0.44996255263257812"
"Q00765","0.11074364766595478","0.12513478035338299","3","0.68797674925485297"
"P18669","0.27938885194771151","0.27938885194771151","2","0.20743988679792819"
"Q01780","0.091152420508131604","0.093964565334672498","3","0.53025924449217277"
"Q9UIW2","0.054759095471177709","0.080554401950683502","5","0.17629309809736873"
"P36957","0.1929295428280596","0.16987486600599999","5","0.48045705142294637"
"P53999","0.122945151794909","0.122945151794909","2","0.83134641939799003"
"Q9UM54","0.17407634250663939","0.198166406190523","9","0.56875569423056049"
"P04233","0.75161330292046291","0.69558288135182655","6","5.0092805103665146e-23"
"Q13501","0.080829149141773901","0.080829149141773901","2","0.54206965364280846"
"Q8TC12","0.077985326915302841","0.086019056002963307","3","0.43567535805689495"
"O15440","0.092824641339108296","0.105278150024913","3","0.54297246743251204"
"P11171","0.10887922414354008","0.122406335226666","10","0.43983023754095762"
"P04406","0.032272602619484003","0.14462059580701001","5","0.091633544865013766"
"P54136","0.096764917865310426","0.104764824683916","3","0.57352564019373908"
"Q96A57","-0.12558871914842498","-0.12558871914842498","2","0.010655874162962599"
"Q14849","0.196948906955525","0.196948906955525","2","0.62831304171692126"
"Q8IU68","0.10086546928066939","0.10086546928066939","2","0.67378817995829787"
"Q9C0E8","0.065025838964280339","0.0638705865768249","3","0.35287783884325519"
"Q99613","0.11603617187318559","0.1217903320135475","6","0.63011025115329122"
"Q9NYP7","0.13156215470219851","0.13156215470219851","2","0.89513691637981885"
"P24539","0.098804906170174664","0.101674185434092","7","0.41002921689408045"
"O43920","0.150844314700042","0.150844314700042","2","0.96026450914920669"
"P63218","0.093660505323482066","0.092342794485096996","3","0.54938641495650065"
"O95831","0.10448626238323415","0.086730698334746142","8","0.43912511494862994"
"P32856","0.02501103699646301","0.02501103699646301","2","0.25621505007967704"
"P61769","0.18956025444365451","0.2045799229181765","4","0.55774144776826584"
"P24534","0.14479511096114675","0.14479511096114675","2","0.99428807553618459"
"P78344","0.1238794934084185","0.1238794934084185","2","0.83821749485655916"
"Q06830","0.094432422168597652","0.094432422168597652","2","0.63012505195333424"
"P30153","0.17202113273255448","0.17202113273255448","2","0.8031315198840856"
"O00116","0.0050755693824599563","0.009085216651988165","8","0.0081360251074375275"
"Q99674","0.063060800702956499","0.063060800702956499","2","0.43712863729392593"
"Q5BJF2","0.19369346750475699","0.19369346750475699","2","0.65023207007539774"
"O75390","0.13024700704796432","0.13069639447290499","3","0.85982091633747415"
"Q8N2F6","0.048920801610982799","0.048920801610982799","2","0.36269393534311412"
"O75396","0.00037116664935191564","0.076763034268572103","7","0.010527952687534911"
"Q8NE01","0.24504574816462718","0.235568471842386","6","0.10455389864513988"
"Q9NVI7","0.0034004577957042945","0.041525510543433897","3","0.10102600205840247"
"Q96GS4","0.2874821012820557","0.27160062147438901","3","0.10156511946619731"
"P35222","0.42431514167523349","0.42431514167523349","2","0.0086489093813461471"
"O75558","0.10595855521995476","0.104404607413888","7","0.48531458748184986"
"Q9Y4F1","0.20632043628520841","0.161811689355185","5","0.36546962091983426"
"P16401","0.11239731204908487","0.10201368761170809","4","0.65870598379084877"
"P49748","0.049214650447866631","0.077181660950658454","12","0.026235763265867972"
"P08133","0.11028283720136076","0.114437825327615","43","0.12343897217946882"
"O60779","0.11601560403908029","0.11601560403908029","2","0.78082204697975799"
"P38646","0.050889586715851066","0.052688664188727953","12","0.028953398302428626"
"Q9BSJ8","0.13742031751358999","0.14986277208518201","21","0.80391085350305225"
"P53621","0.12602816141002529","0.13562861299283099","15","0.61447084700317833"
"Q15006","0.013984312961712108","0.016443662806559366","4","0.079662656718829203"
"P62701","0.079947085420740402","0.083444772139365408","4","0.38213328245752221"
"P29692","0.10664350149891211","0.100734287970143","3","0.65350135062311665"
"P49411","0.061381721399711327","0.0610184811203901","3","0.33151809422314871"
"P49588","0.0707279501178745","0.0707279501178745","2","0.48091401445405257"
"P27694","0.2086513383221755","0.2086513383221755","2","0.55229247508051038"
"P27695","0.099112705984497937","0.093282073796891296","3","0.59210912292957296"
"P62277","0.18822196622935769","0.15081546594134401","3","0.6225619294806739"
"O75955","0.13226783031339015","0.12283066822333601","15","0.7317797930317449"
"P17858","0.18985849587975651","0.18985849587975651","2","0.67644781770286577"
"P09972","0.226655008511748","0.226655008511748","2","0.44491508644423439"
"O15427","0.11879006288407","0.13430051030095499","4","0.72143752577838471"
"Q8NE71","0.04512107688896605","0.024516390804334202","4","0.18093432804696571"
"Q7L1W4","0.11535741449250415","0.124680375006385","8","0.56943789665484057"
"P00441","0.16390874717872098","0.153616149286637","3","0.83231253471064282"
"Q9HBR0","0.54673529828613954","0.54673529828613954","2","0.00015774218763103988"
"Q9NP58","0.053327899977834034","0.040285986886815499","5","0.16957427870694752"
"Q7Z403","0.044750960095649557","0.072579597849241298","3","0.24486852930923919"
"O00231","0.12704381221445848","0.12704381221445848","2","0.86157657599773363"
"P80303","0.137977732236508","0.137977732236508","2","0.94309900274236425"
"P05023","0.11294865164416093","0.1160537923876815","26","0.26815503733178908"
"O94973","0.076586823925653552","0.076586823925653552","2","0.5159203281289193"
"Q9HD20","0.087924533212566006","0.078699092030564702","8","0.27761718551337117"
"Q14435","0.250477332102721","0.250477332102721","2","0.32300014673388788"
"Q9BY67","0.34643691213961247","0.349926857096994","4","0.007453586692264297"
"Q9UI10","0.18551250010762024","0.18551250010762024","2","0.70663912369264026"
"P05556","0.32719527867963422","0.29668198247230199","5","0.0068277959119221474"
"P55084","0.077157640172834663","0.076971278928193596","9","0.17172643561099038"
"O95487","0.16008392395069598","0.16008392395069598","2","0.89114609142782686"
"O00161","0.17969005130613561","0.151005721728527","5","0.6111838004102359"
"P01911","0.34874377460473549","0.34874377460473549","2","0.055633602618556363"
"Q8NEW0","0.045041034557514369","0.025005762626531602","3","0.24622345503930332"
"Q9NRG9","0.081497661979566108","0.091824760838241704","3","0.45991049400115913"
"P48509","0.092449263986285168","0.092449263986285168","2","0.61691573437251812"
"P49368","0.11406312989748008","0.1107892955601585","6","0.60739694751624473"
"Q9Y265","0.093819600199802025","0.11181381699650481","4","0.4907176728288376"
"Q14137","0.15423422683147026","0.15423422683147026","2","0.93484348709820209"
"Q01082","0.12370174372365481","0.098075924228233302","28","0.44126052497558876"
"P50991","0.11791852475598874","0.11692967110179001","4","0.71275933425400262"
"P50990","0.12318572203986591","0.12241623653696801","10","0.637530084585894"
"P10606","0.10738465948766125","0.1348453914808975","4","0.61112264267326899"
"P46783","0.16390593119503599","0.16390593119503599","2","0.8627649492365872"
"P46782","0.14090991703137384","0.13678963482214601","5","0.94484420114302958"
"P46781","0.080615854448905774","0.092511801529511606","3","0.45375486594937686"
"P07602","0.080705474132875155","0.075414871420179497","3","0.4543781324540237"
"Q96QD8","0.040918353166169402","0.055435829312747556","4","0.16335932989644925"
"Q6IEE7","-0.070779369290885602","-0.070779369290885602","2","0.041581985994906763"
"Q8TBA6","0.050177975827939342","0.050177975827939342","2","0.36897973708683329"
"Q9NZW5","0.14005372035408709","0.13639439037226653","12","0.89899399735647978"
"P42704","0.13147743975495543","0.12387345888505299","15","0.71649514979756113"
"Q96TA2","0.13289618997723768","0.143191197817465","7","0.82347605100472521"
"P26572","0.23357983736138427","0.30781704739898297","4","0.24098024093292927"
"O60784","0.34225245221299999","0.34225245221299999","2","0.063917613738803267"
"Q96AP7","0.44896299746159851","0.44896299746159851","2","0.0042658162115733556"
"P31040","0.014194263413639973","0.018653491546456999","11","0.0037116189717976891"
"P51159","0.13981056887285934","0.131274440419547","3","0.94716131837033346"
"O43707","0.17539415197679226","0.17033524123537749","4","0.69100507225853436"
"P59998","0.12520220766934934","0.13160890868896899","3","0.81436278432477283"
"Q9Y5W9","0.15494091482504196","0.15494091482504196","2","0.92955128316996327"
"P51151","0.18896678136151931","0.17744631859742699","3","0.61650107405732224"
"P51659","0.13001156510134657","0.11205258950636099","6","0.79981282688263156"
"Q8WVM8","0.17897581047061817","0.1571389271006115","6","0.58557923169654458"
"P04632","0.10509664431531016","0.10509664431531016","2","0.70312985939615635"
"Q9NRY5","0.096838699481775301","0.096838699481775301","2","0.64631703841467925"
"Q02218","0.18151953685813813","0.18557695255947648","10","0.44875443600619891"
"P02786","0.28903724054548402","0.28700164749385448","30","1.6634475543172365e-07"
"Q99595","0.27974964016322301","0.27974964016322301","2","0.20621765734047889"
"Q9H4G0","0.14996845652883925","0.130381444046995","9","0.92972924707705928"
"P20701","0.39722768430453892","0.40056445233305299","11","2.7200966559551456e-08"
"P20700","0.022512113885814797","0.050586692551261095","8","0.020459290989926184"
"P55884","0.12119506071873161","0.12568611171480801","7","0.66772065603139441"
"P21796","0.11606475394671718","0.094127167881997903","12","0.49624731232398167"
"Q9BV40","0.093963721938610259","0.090308125813097398","3","0.55172074392123904"
"Q969X5","0.22259648458135772","0.23635787186457952","4","0.30476228380881126"
"Q01650","0.041527097607131642","0.049022227494864901","5","0.12130352261661806"
"Q0VGL1","0.1781812908440035","0.1781812908440035","2","0.7585976380600612"
"O14579","0.12803902439220574","0.12870669266003301","5","0.79418891671649716"
"Q14534","-0.10277741737969764","-0.10277741737969764","2","0.019330477023647191"
"Q9H490","0.148441518418782","0.148441518418782","2","0.97830938898833764"
"Q9UL25","0.12252979481982081","0.12707958668633701","8","0.66445354573011861"
"Q13795","0.30025682507517604","0.30025682507517604","2","0.14506211491458701"
"Q12959","0.1256284116742499","0.14001040552366401","9","0.69050821265235629"
"Q68DH5","0.19151848814094849","0.18958282939391502","4","0.54034947574168823"
"Q9NYU2","0.11012006675477945","0.11012006675477945","2","0.73854585548367369"
"O94874","0.18433638089590865","0.20295521105540201","4","0.60543291404978405"
"Q14008","0.18955414803634951","0.18803911413004198","4","0.55779583885210637"
"Q13813","0.097526668627009358","0.103468524378697","33","0.066148808027313252"
"Q8TB61","0.12449102040154202","0.13302494228690701","3","0.80800064172238195"
"Q9BYI3","0.11539056852473452","0.093591037658296405","4","0.68781360088467847"
"Q02543","0.075591585479292803","0.075591585479292803","2","0.50988204474944188"
"P07737","0.16128984117061967","0.16704889969241099","3","0.85595647780089434"
"P62851","0.057043553732060194","0.099622621537396094","3","0.30720624143032094"
"Q99829","0.10107675139109019","0.10261701528443401","6","0.46804477561812508"
"Q9BRK5","0.727418995240943","0.79192979477812897","3","1.9390612393147198e-11"
"P40939","0.12058668007523747","0.11913641332298799","15","0.5195242474750813"
"P28068","0.35262055162088762","0.34493977202595399","3","0.016906940239674324"
"P51148","0.17471010838242498","0.18095672330502449","4","0.69773542016729884"
"P28067","0.39436423874863302","0.39436423874863302","2","0.019099440113769385"
"P04440","0.47290329084231347","0.47487659729298348","4","1.299635535101542e-05"
"P20674","0.051253373240935755","0.051253373240935755","2","0.37439527932387329"
"Q9NQC3","0.20161013992912177","0.18690821413922101","5","0.4038031086445717"
"P52292","0.28104217108149421","0.28285863267702949","4","0.071104841437272359"
"P35579","0.087828930314309842","0.099266345872705497","22","0.071336227382035766"
"O14936","0.060465175014941801","0.060465175014941801","2","0.42284010938571881"
"P62913","0.13079376432659851","0.13079376432659851","2","0.88941465116375462"
"P51809","0.23652791098744266","0.230116725790283","3","0.29394738847330903"
"Q03518","0.078950428770336159","0.096938950096127394","5","0.32121457651114227"
"P62917","0.13860219157688833","0.15044247789557","3","0.93606870817026044"
"P61020","0.13864683518948401","0.13864683518948401","2","0.94811611037804489"
"P55957","0.1261363505720367","0.1261363505720367","2","0.85486441955767367"
"Q969V3","0.12582502206188206","0.13115968644793299","3","0.81994451716868244"
"Q15029","0.15354482469082514","0.163802270973404","4","0.91523956709789045"
"P31946","0.16586902226743799","0.16344492668053201","4","0.78669434385242365"
"P60033","0.17952058212946426","0.180375878404962","4","0.6509374167509"
"Q07021","0.084058060937892767","0.070619119730945895","5","0.3597186188380026"
"Q10471","0.015343511910972284","0.032404552741649703","11","0.0040239710393080597"
"O15400","0.10679704084103488","0.1557721619293885","6","0.5271773362060872"
"P25445","0.1999042594298488","0.23969121342963801","5","0.41826972464173073"
"O00541","0.074673945562421296","0.074673945562421296","2","0.50434736238546196"
"O95870","0.036858610128723011","0.019784245234837301","3","0.20985507359803149"
"P98198","0.091164214127704674","0.107413744073464","7","0.33782228202743092"
"Q8TAA9","0.10214561961231441","0.096675901659229596","5","0.51794538943339696"
"O75882","0.088310965754102647","0.088310965754102647","2","0.58974105489656314"
"P78310","0.52874585915284122","0.54633022709315149","4","3.3302330012676759e-07"
"Q7KZF4","0.12280144396861377","0.13533361953946049","10","0.63176517627549389"
"Q86V81","0.11854343320689201","0.11854343320689201","2","0.79915785505460257"
"P61604","0.0327300070742211","0.0327300070742211","2","0.28789556061658467"
"O15173","0.081478820402340071","0.085216529947589603","4","0.39334347787003932"
"Q9UI12","0.044821752639169328","0.112860701046124","3","0.24520609255187342"
"Q3SXM5","-0.027673928508997265","-0.0273638070514114","3","0.045673031317240438"
"O15270","0.070728562909400119","0.063290973620740446","4","0.31887501424551401"
"Q9H0U4","0.1288307336609375","0.1288307336609375","2","0.87482263779590042"
"Q9H0U3","0.16705486594792499","0.161497008783616","3","0.8041096362195076"
"Q5W0Z9","0.059797132025186502","0.059797132025186502","2","0.4192096695603672"
"Q9NTJ5","0.12312075434871557","0.1190410143339215","12","0.60472086726230312"
"Q9ULT0","0.063624069464810959","0.049164095647824299","3","0.3445639475989275"
"P62826","0.15908049498337437","0.140887194362703","3","0.87600688937163995"
"P23396","0.12199270381475576","0.117125460298367","9","0.63777318703106078"
"Q9BXN2","0.062586557615707861","0.068070396613843995","3","0.33848552803308574"
"Q9BWH2","-0.1009429666680105","-0.1009429666680105","2","0.02024273609440114"
"P60953","0.14061806229092441","0.13113385562410051","4","0.94756326857570239"
"P46459","0.17525056491909899","0.15585164451516298","18","0.40139883391023901"
"P35613","0.097047023370718563","0.0964365642879704","11","0.28391898853992992"
"P35268","0.056708999532116104","0.071522007912902502","3","0.30537964899334075"
"Q9Y3E0","0.040682710228131601","0.040682710228131601","2","0.32322990063069701"
"Q8WUM9","0.1807634793659085","0.1700168340574415","4","0.63905909626927127"
"Q9Y3E5","0.084899276524610823","0.08198207343488785","4","0.41909305485733939"
"P06454","0.057241465263609952","0.057241465263609952","2","0.40548438487924066"
"P61421","0.12964235637720367","0.13564736108366399","8","0.76434571266188955"
"Q9Y5B9","0.2328877611684875","0.2328877611684875","2","0.41072186945925415"
"P51572","0.030753099008237802","0.034132546685860202","3","0.1853715379457043"
"Q96Q45","0.049554246700359746","0.049554246700359746","2","0.36584894075168684"
"P78536","0.2233749992321605","0.2233749992321605","2","0.46354556937449876"
"O76094","0.052423603045328948","0.072036200926791805","6","0.12867211281266891"
"Q14318","0.11291407098410887","0.10357718566513401","3","0.70649834886394935"
"O15533","0.16174011260708204","0.16174011260708204","2","0.87882867020221545"
"Q6P1N0","-0.090433659917980302","-0.090433659917980302","2","0.026228207049878414"
"Q9UNE7","0.0063351672396130673","0.0191248871081676","3","0.10825504619339055"
"P14314","0.17387625366486575","0.13902548199613302","4","0.70597654698876577"
"P48723","-0.038359456745834873","0.00043553542816180497","4","0.014291775193668305"
"P38606","0.067459017181281958","0.0452534215101335","3","0.36761704596447287"
"P08670","0.11721320133051999","0.12425552634777401","8","0.59339125638494938"
"Q9Y5Y6","0.15751067233246976","0.16071514514113799","11","0.79170154538023696"
"Q13217","0.51507941451292849","0.51507941451292849","2","0.00050056826163064224"
"P32969","0.1004953899737789","0.1017857315963525","4","0.54834016872578328"
"P31930","0.068551921887439179","0.075522489210598204","11","0.08894035933487994"
"Q9Y3A6","0.25547411474472165","0.25495560611434598","3","0.20477455636106459"
"Q5JTV8","0.13916570072758763","0.14119541989671999","6","0.91697622247500699"
"P04844","0.14452439219786792","0.14216848632804599","17","0.977418087379335"
"Q96KA5","0.22349689072495216","0.2271396634464975","6","0.20351152714077064"
"P04843","0.11328682616062548","0.10757631745452199","23","0.30266345256062921"
"Q02818","0.11423147654350559","0.11055611836833","9","0.5313861704814471"
"P00387","0.13264249489709359","0.13311832831395801","5","0.84749602667161206"
"Q13576","0.14492367987456883","0.12566726543742801","7","0.99112208743805152"
"Q99623","0.014588176131430635","0.0497918316344024","8","0.013621900428913905"
"Q9BS26","0.34272530503235521","0.33124438468852802","8","0.00020387716705445194"
"Q92552","0.0806137131872392","0.0806137131872392","2","0.54072582661428503"
"Q14254","0.12165147705645379","0.12014346845400301","17","0.51154124496636078"
"P54920","0.14223471431532556","0.138731235716682","9","0.94710102600727175"
"Q9BPX3","0.086726794780456307","0.086726794780456307","2","0.5794872514352889"
"O43747","0.15682215866594076","0.15883272230575501","4","0.88069395256936511"
"Q2PZI1","0.28274307425897349","0.28274307425897349","2","0.19627692221607831"
"P42224","0.21393982271749687","0.17713972579232151","6","0.26456331228006713"
"Q9UH99","0.31418305510514294","0.31722600569056847","4","0.024688088153060585"
"Q9BU23","0.16363709038897001","0.16363709038897001","2","0.86475594542215373"
"Q13740","0.36885970415208919","0.36417246451173346","6","0.00026956431504142082"
"O75431","0.065047702585366851","0.065047702585366851","2","0.44824847466663675"
"Q9NVA1","0.094753889164080896","0.094753889164080896","2","0.6322782745153932"
"Q8IV08","0.075768742091660291","0.075768742091660291","2","0.51095590022416237"
"P47897","0.16598533484840783","0.21490007061998501","3","0.81367293117326933"
"P22234","0.1570080410512035","0.14849853875185698","6","0.85177461106838104"
"O00165","0.086169181079820398","0.086169181079820398","2","0.57590003308998083"
"P11166","0.052008603541965098","0.059639545200379798","3","0.28050289657420391"
"Q15043","0.24273401838901135","0.249473131047971","3","0.26224661616670092"
"Q8NBU5","0.0024787051123107001","0.0024787051123107001","2","0.17775678998981029"
"Q9Y3B3","0.18255640086701286","0.18150788995596501","8","0.48576335414184235"
"P21333","0.20528617052066134","0.203681045187424","11","0.18702398548086757"
"O60749","0.14572844538171151","0.14572844538171151","2","0.99869733207514466"
"O14617","0.28922348680221871","0.26486385194402401","3","0.097440458719301029"
"P23246","0.14079734901136026","0.13852233436099301","5","0.94350962799458682"
"Q10589","0.11576509117120323","0.111098326501763","5","0.65727620193636926"
"P55072","0.13847186989725249","0.13693918705578201","35","0.78017101433511471"
"P24752","0.058896849271735829","0.058464844809100455","4","0.24834433559562313"
"P49257","0.32601895218678123","0.28048764894988598","13","1.4770905653966405e-05"
"Q8N766","0.23513125654291972","0.39440647704724002","7","0.11467786645204203"
"P51571","0.13365952308458451","0.112540827030064","4","0.87409176462157312"
"P42356","0.098956403735550105","0.104807313962673","15","0.22934719700045503"
"Q09666","0.142244154173397","0.1600871968796525","56","0.86895167717244559"
"P54852","0.23746271454683074","0.037075063176476401","3","0.2890979661758809"
"Q96TC7","0.0055972354820288499","0.0055972354820288499","2","0.18739566734506852"
"Q9P244","0.35179556192975331","0.34954042988455603","3","0.017349663676289536"
"P27348","0.17267245630271633","0.1760202987767005","6","0.65818469311065519"
"P10586","0.12756381238522316","0.12935039931334999","15","0.6425830535830428"
"O96011","-0.078105551701373635","-0.081594402417609499","3","0.0098756923455011348"
"P19404","0.12423469908318405","0.13310184526943999","5","0.75083833699208524"
"P51610","0.13102287611264382","0.0993289262432447","3","0.86685813649246635"
"Q9H2D1","0.116090964822759","0.116090964822759","2","0.78136689860565012"
"P01920","0.44842444168184425","0.47751705868490446","4","5.4816014926518482e-05"
"P62140","0.17075452244713032","0.12258946750979501","3","0.77127312316351793"
"Q96T49","0.184228331135492","0.188773898129764","3","0.65548647290887108"
"Q9Y287","0.543610290788622","0.48610385998448602","4","1.1497614628294278e-07"
"Q9H061","0.094316033470042346","0.094316033470042346","2","0.62934709038471714"
"Q9Y289","0.18753800145183833","0.190366177825397","3","0.62814838440863707"
"Q9NPD3","-0.0126266195795952","-0.0126266195795952","2","0.1362303941553254"
"O00264","0.098202759884278401","0.098202759884278401","2","0.65557130714374401"
"P46939","0.1758543835395949","0.16859164692379852","10","0.52336216389442591"
"P08865","0.1278389643587354","0.122443902202925","7","0.75488988125996259"
"P53794","0.081289590970499592","0.081289590970499592","2","0.54494851476700368"
"Q9NZ01","0.066079351873252118","0.058666975239451802","5","0.2365451193998109"
"P61019","0.1451145336475323","0.15611433520676099","5","0.99476444325714208"
"Q8WUX1","0.1088403549493544","0.111863360441085","3","0.67188851001878203"
"P14625","0.12788057772229122","0.111546515234814","17","0.62743057867114893"
"Q12913","0.34263808500148524","0.359216524660398","4","0.0086583759371411072"
"Q07020","0.065288986830780674","0.066102397217739098","4","0.28496383264826397"
"P50402","0.13831645576030099","0.13831645576030099","2","0.94563856128579937"
"P55060","0.12972721152132616","0.13878322372101098","6","0.79622708634359329"
"Q86X52","0.61495385152962245","0.61495385152962245","2","9.8253997923941889e-06"
"Q6P1A2","0.062620946615110251","0.062620946615110251","2","0.43468648977243107"
"Q14165","0.23062495056833565","0.217197574763384","3","0.32639587096864087"
"P31641","0.160186415171681","0.160186415171681","2","0.89038286154956281"
"Q96D96","0.17382225818725816","0.176530373912997","3","0.74435112071077769"
"Q14160","0.20708180767289439","0.19975493480887499","29","0.027346833514410102"
"P03915","0.23269447282614666","0.155235516846985","3","0.31477734759923304"
"O95573","0.12043898858490872","0.121831486800127","5","0.70835432123558806"
"P13010","0.10013362281462891","0.13137682372558751","6","0.458670989239505"
"P10809","0.06260170920068911","0.054080815289296855","12","0.055629594282996644"
"Q6Y1H2","0.17557952209612149","0.17557952209612149","2","0.77731840068658287"
"Q8WUM4","0.11199278215063674","0.12422088504611001","18","0.34293549307789195"
"O14979","0.085188294938810957","0.085188294938810957","2","0.56961089093697603"
"Q96GQ5","0.052714283148705098","0.052714283148705098","2","0.38184366909103729"
"P07947","0.1872194717105205","0.1872194717105205","2","0.69472006694567545"
"O43566","0.16496111496252633","0.16060509821077101","3","0.82285296542349096"
"P14854","0.17983715887143001","0.17148010896146201","3","0.69247777833746527"
"Q08722","0.19798769283352699","0.19440767740318299","3","0.54525354539687432"
"Q9GZP9","0.1827935628704635","0.1827935628704635","2","0.72576225194181909"
"Q03252","0.11105895694609576","0.07862993527248735","6","0.57360160204938948"
"P16070","0.37035057154660173","0.38461256314065051","6","0.00024528553056992169"
"P54709","0.12571493206979897","0.128057154757863","9","0.69178000203657919"
"Q13190","0.13557534587026801","0.13595398062865099","3","0.90834066562059257"
"Q13492","0.20177326559557088","0.20408206363092399","3","0.51662871088990681"
"Q99569","0.16158183352040348","0.117354067017908","7","0.77762036045220362"
"P07948","0.11291575613589099","0.109404316231378","16","0.38453840626341751"
"Q8NBS9","-0.010046771072324235","-0.015535908814647302","6","0.011131288684206295"
"Q04917","0.14997382782057692","0.15072079921166148","6","0.94252954451719217"
"O75027","0.1118257914581767","0.105027395456432","5","0.61542873198744363"
"P60174","0.10067316643070483","0.12516393144748","6","0.46402809220614849"
"Q93050","0.19195608213642076","0.16181809628850652","4","0.5365030458740625"
"O00461","0.21538134194884898","0.21000746526799099","3","0.42050398908391573"
"Q6UW02","-0.17215081528166626","-0.17215081528166626","2","0.0027675721668499282"
"Q9HBH5","0.037776565083151935","0.037776565083151935","2","0.31000338334668287"
"P22059","0.070191141287738859","0.092638034375965905","3","0.38461428105463469"
"Q9BRR6","0.18349026155277201","0.20693721834318701","3","0.66165845439662174"
"Q6ZVF9","-0.79224423235598795","-0.79224423235598795","2","1.1447200900333661e-18"
"P45880","0.061278522641031043","0.058705871952409602","10","0.075888610280840679"
"Q9Y6K0","0.050626369941243997","0.050626369941243997","2","0.37122619659275646"
"P42892","0.33076959312727966","0.34625078600159898","3","0.032626626180185608"
"Q9ULP9","0.036067903495079157","0.036067903495079157","2","0.30240293047001726"
"Q9Y4D7","0.30557825124766103","0.19979602587967399","3","0.064895026379765394"
"Q8NBJ9","0.40828737414283245","0.40828737414283245","2","0.013334130371641302"
"P26196","0.096392960426225902","0.096392960426225902","2","0.64330456055755203"
"O95782","0.1217356490437087","0.13986059739672599","5","0.72277519798044954"
"Q9Y5S1","0.27765666059900451","0.27765666059900451","2","0.21338242653623624"
"P22794","0.7152575391108571","0.7152575391108571","2","8.0786227401489934e-08"
"Q9UBV8","0.10083723388395879","0.1035851998383505","4","0.55137883403739663"
"Q6PIU2","0.18339616433792649","0.18339616433792649","2","0.7215077822467626"
"Q96M27","0.087519363727972421","0.089896365058630107","3","0.50315879367111993"
"Q9Y6N5","0.10281628083314213","0.096173554324708796","5","0.52443188499542437"
"P18754","0.077609837357177303","0.077609837357177303","2","0.52216569409023073"
"Q15084","0.16340755260249171","0.15743461949742801","9","0.72129906498531593"
"P08238","0.12216635488285456","0.107016284431657","9","0.64025345192447225"
"Q96AA3","-0.016139405105447202","-0.016139405105447202","2","0.12774318053023545"
"O75410","0.20749499972570251","0.20749499972570251","2","0.55959534521885135"
"P28331","0.078214214248900613","0.081736151909971452","8","0.20458110837636292"
"Q02338","0.0077280578089861341","0.039343601079278902","3","0.11183244423017417"
"Q9NX40","-0.04899040797618838","-0.054407576870367153","4","0.0095565542702774516"
"Q8IY95","0.08081831842147856","0.074892920599998206","5","0.33497022906760066"
"P40189","0.25063724143108962","0.238058670695389","5","0.11757932339791842"
"Q6P4Q7","0.28287118584972704","0.2777449217287955","6","0.025074669385885939"
"P09326","0.4706214393348403","0.47532169162056198","3","0.00017697245007990454"
"Q9H2V7","0.1343987867366864","0.14653500379225301","3","0.89759112741164504"
"Q14444","0.17870967407510732","0.18880321058744101","3","0.70209983346664995"
"Q9H845","0.10140323100558529","0.10140323100558529","2","0.677491236145638"
"P06733","0.19601893221942265","0.19390522391036602","6","0.41032909295937758"
"Q5M775","0.201225331596115","0.201225331596115","2","0.60001016884667335"
"P14210","0.84564910319748654","0.84092345275291602","5","2.0170168805327432e-25"
"P20645","0.18188118604480058","0.16701546216093799","5","0.58849348819686043"
"Q9H8Y8","0.13744956152595098","0.14047063878413199","3","0.92549874290690215"
"Q9Y624","0.05035148893151295","0.05035148893151295","2","0.36984242093968533"
"Q8NC42","0.19047052390459701","0.19047052390459701","2","0.67223592985523672"
"Q8WWI5","0.18976807574467422","0.12175008147182551","6","0.47074003843949264"
"Q30154","0.27144805643640352","0.35654934244175801","4","0.093556455116545437"
"Q86W74","0.061468759877242693","0.061468759877242693","2","0.42833128374301688"
"Q13347","0.14567155041158311","0.12931553143470298","4","0.99876248289091929"
"Q8TCT9","0.056811199435865843","0.051972260311189955","6","0.14766045541073042"
"O95297","0.53499225641103976","0.51920486574457203","3","7.0495529914622315e-06"
"O95298","0.1149943061844797","0.1149943061844797","2","0.77344872305613144"
"P14406","0.1433393941025855","0.1433393941025855","2","0.98334852915663817"
"O43852","0.12610443717503139","0.12610443717503139","2","0.85462926122939997"
"P43304","0.22165281379520646","0.1363730848438405","4","0.31079006092493461"
"Q6ZQN7","0.56122571975144653","0.56122571975144653","2","9.0387429951669604e-05"
"P43307","0.13658343566060979","0.13658343566060979","2","0.93265293934340987"
"P33992","0.184686972228363","0.184686972228363","2","0.71242392789433306"
"P33993","0.18197323954675834","0.18197323954675834","2","0.73156976701451892"
"P30050","0.070366775825630182","0.086338575877110302","5","0.2628008439587281"
"P33991","0.19530002488231651","0.19530002488231651","2","0.63937687695365153"
"P50914","0.096490706823300396","0.096490706823300396","2","0.64396453079915439"
"Q9UHQ9","0.091524413063338264","0.0134110662366111","3","0.53308577155381998"
"Q9NUE0","0.16352467333284745","0.17638769516213401","3","0.83577860815643723"
"P30536","0.016562948331760849","0.016562948331760849","2","0.22435320198132885"
"P49069","0.1027668515915296","0.1027668515915296","2","0.68691723368866608"
"Q92597","0.11736433677643925","0.12759121330254999","3","0.74501238965294214"
"O14653","0.028943623826263656","0.028943623826263656","2","0.27202293754769219"
"Q9NV96","0.17482459624286359","0.15641638560774601","7","0.6060011240346288"
"Q9NWQ8","0.25806360301645048","0.11512906001522699","4","0.13400519885749237"
"Q6IAN0","0.016527739620438766","0.0119926120359421","3","0.13661865231306591"
"P49755","0.202848085763536","0.19565232769271051","4","0.44533917349187346"
"P15531","0.062000001833974548","0.054660977917802951","4","0.26569142852481287"
"P35232","0.058791638863045642","0.055657868624645203","12","0.045302494395673333"
"P61106","0.2064093636320411","0.19258686627997701","9","0.22400664953192942"
"Q9UKM7","0.47808102348395859","0.524781164034131","5","7.3575740346832872e-07"
"O75489","0.1063832009047856","0.098133095158930095","7","0.49000828465590729"
"Q9UKQ2","0.49467010160513025","0.49595693008582697","3","5.6458720416190557e-05"
"Q9H9B4","0.10520869011032159","0.093750519288567147","6","0.51037612518429487"
"Q13616","0.10991852217704751","0.10991852217704751","2","0.7371146195471594"
"Q14344","0.10084229208594872","0.094047544254912505","11","0.32328518462517641"
"O60669","0.046405823904522053","0.046405823904522053","2","0.35033779189082614"
"P36543","0.069148702741456708","0.069148702741456708","2","0.47170365052483032"
"P07237","0.13506612327833215","0.13307081074683899","8","0.8433566867751745"
"P62318","0.0836373364195859","0.0836373364195859","2","0.55973521293457229"
"Q16270","-0.24896022983983651","-0.24896022983983651","2","0.00020254284148765096"
"Q96JA1","0.26213360079968401","0.26213360079968401","2","0.27217727360254895"
"P62081","0.041294982923084429","0.023080946882094298","3","0.2290597930693391"
"P62241","0.13331340725372662","0.113576672267311","5","0.85533006978061676"
"P46060","0.093094432371068472","0.092727367757335505","5","0.43461243077543243"
"P17980","0.23073843757158452","0.23073843757158452","2","0.42233170710705026"
"P17987","0.10624155788698697","0.1172990186103455","10","0.40765380070700585"
"P55327","0.26304523974368732","0.1436841787109725","6","0.055318766703782545"
"O75964","0.1728250134853585","0.1728250134853585","2","0.79727996733336159"
"P62249","0.08162878465738585","0.082382039226950449","4","0.39445137609997705"
"Q16698","0.10750488045801181","0.113895286859838","5","0.5709163025582531"
"P68400","0.073291071011828607","0.073291071011828607","2","0.49607099942360444"
"Q96A33","0.09336073128608377","0.1138268400452665","4","0.48687443372636463"
"P12236","0.098569127634557552","0.098569127634557552","2","0.65806583821102305"
"Q86UL3","0.11950298911755863","0.134859625198755","3","0.76375748417640377"
"O75746","0.10401088196546422","0.089778607501813198","5","0.5360910745094094"
"Q15833","0.1507487244921305","0.131605574008577","9","0.91734716631045776"
"Q8NF37","0.1326673061286732","0.13061950915541201","5","0.84778544523719113"
"O43143","0.10567262420954715","0.10567262420954715","2","0.70715949614480222"
"Q99959","0.10200146700772805","0.093929316874637653","4","0.56178940701203672"
"Q9UP95","0.19862271654497349","0.19862271654497349","2","0.61716807294833376"
"Q9HCJ1","0.020689637342911724","0.031340563618034202","3","0.14972783182839103"
"P23470","0.23207515376196974","0.20270196720459799","4","0.24910089029582483"
"Q92508","0.29241162868453835","0.28926838465405702","21","7.400915520313648e-06"
"Q5T4S7","0.1069509267380334","0.112873324542306","3","0.656061615064508"
"P53618","0.06337159132076052","0.079598498117626204","5","0.22100731041965108"
"Q92930","0.19201037526086751","0.19201037526086751","2","0.66168706100347463"
"P30626","0.15184341694476239","0.15661927505430501","5","0.92538318947921128"
"P33908","0.4639191160467192","0.50122534436069899","7","2.0353835688944202e-08"
"P04062","0.37666178472797596","0.37843103137592699","5","0.0005779692331885787"
"P26368","0.16810429440591002","0.149103035143729","3","0.79475736259100715"
"P18124","0.12129729951205033","0.10771405273090801","3","0.77959233720227961"
"P08195","-0.0016976220317659347","0.00164403992492885","25","9.4597239662011584e-07"
"Q9UBX3","0.087253767476827865","0.070919654286675696","5","0.38522538535319195"
"Q9Y230","0.095219302684500115","0.10514279095904056","6","0.41153349519011917"
"Q9HC07","0.52764604891490352","0.51920531162418249","4","3.6000745966574783e-07"
"Q8IVB4","0.10110206184682963","0.062885435164621001","4","0.55375487988356908"
"Q7L2H7","0.089337187542938248","0.089337187542938248","2","0.59642721828832224"
"Q709C8","0.1313148574773895","0.1313148574773895","2","0.89329464977816186"
"Q96G97","0.25446370911867999","0.25446370911867999","2","0.30495888339457583"
"P06748","0.14715589275370444","0.13914232179736299","7","0.97749530990969102"
"Q9Y2Q5","0.14618600745501098","0.18378370477431999","4","0.99329460351458776"
"P20309","-0.107261038378865","-0.107261038378865","2","0.017255612766253772"
"Q9Y5K8","0.28359709728099097","0.28359709728099097","2","0.19351212244941907"
"P61803","0.14005428704196632","0.114525471047757","3","0.94939999728864444"
"Q8NC51","0.078007173734438995","0.078007173734438995","2","0.52460450692602612"
"P34932","0.15655242282156401","0.15655242282156401","2","0.9174953181320511"
"P51149","0.1957957993535058","0.18811348031434899","14","0.21054787139137304"
"P18433","0.15449276493977343","0.14837325052380701","11","0.84348504138994052"
"P25398","0.098484300518609347","0.098484300518609347","2","0.65748844189229061"
"P50995","0.082302573174292321","0.1041396557194665","10","0.18278305823400054"
"P18827","0.26008589764680223","0.2490019542347035","4","0.12710325527820202"
"P19022","0.26656945229553652","0.26656945229553652","2","0.25433297479057876"
"Q10472","0.33076942021840278","0.31745733440721602","5","0.0058094220068856794"
"O95433","0.14526772329597901","0.14080369007728399","3","0.99735459046859809"
"Q15293","0.19536654300544751","0.19536654300544751","2","0.63892717366132623"
"O43681","0.22049389671984132","0.23322221684102401","3","0.38729799581613289"
"P49327","0.19250110487223071","0.197670030607841","21","0.15190346286510217"
"P55265","0.36343850839059749","0.36343850839059749","2","0.040148242636436071"
"P32119","0.14960517702932999","0.143791263530058","3","0.96273362610889235"
"P62424","0.10820934958905717","0.111544055946546","8","0.48171321837457581"
"P07900","0.065302340373835491","0.092163584855064498","3","0.3545349505628842"
"P26373","0.084773919581438165","0.083141738566110401","3","0.48317758045669312"
"Q96CG8","0.19010326447104431","0.18316523316997299","3","0.60730160394574417"
"O75340","0.11055824833070181","0.10103072547278136","4","0.64107242707185308"
"Q9P0I2","0.015139266601852849","0.015139266601852849","2","0.21928074905294928"
"Q9Y4P3","-0.091054869577366443","-0.091054869577366443","2","0.025834843547970925"
"Q8IZA0","0.38249520821930832","0.52684275468939901","3","0.0062739592851135707"
"P14618","0.13347779024292708","0.1336408930736005","10","0.79920250054424824"
"Q8NHG7","0.13541295326497746","0.13541295326497746","2","0.92389051114220677"
"P27824","0.11031291823105614","0.149240780999744","12","0.41617946457112842"
"P25685","0.097744624971319402","0.097744624971319402","2","0.652457783408525"
"Q86UE4","0.073575197150435673","0.074403823654207307","6","0.24025559466367019"
"P63010","0.41735490090905591","0.41735490090905591","2","0.010473823004264974"
"Q00325","0.090117190695273491","0.085686413415196297","5","0.40899412019961812"
"Q14156","0.12983504604657789","0.130267431200916","12","0.71682646378055837"
"Q14157","0.13964224623489702","0.13964224623489702","2","0.95558362650642015"
"Q8WVX9","0.072268898781311847","0.072268898781311847","2","0.48999346291461987"
"Q14152","0.12139042382622874","0.123440135018102","5","0.71892523233548689"
"Q9Y5M8","-0.099428700423974226","-0.125000583020312","7","1.5841600506059134e-05"
"Q9H2H9","-0.0025284292829329596","-0.0025284292829329596","2","0.16305808676247291"
"Q68D91","0.040742490079351192","0.044264906702000548","6","0.087267339824051465"
"Q6ZMU5","0.16117189678694802","0.16464564571569601","13","0.7076447025668362"
"Q969M3","0.1197860321684075","0.1197860321684075","2","0.80821264676468774"
"Q9Y6M7","0.13181286447973781","0.1366184632944388","4","0.85474936899743681"
"P13612","0.36866911231924276","0.342810533420007","16","2.809416152655768e-09"
"Q14011","0.037096145322793053","0.037096145322793053","2","0.30695833914012333"
"P21281","0.091321719059476614","0.088558107421673596","5","0.41925016165530082"
"P62906","0.063139299731683945","0.081169589159189898","4","0.27226342137479254"
"P21283","0.043858640453664034","0.109049893219702","3","0.24071758083908018"
"P09525","0.18167223221952555","0.1939840531046485","8","0.49624800104298716"
"P83731","0.0888138034955374","0.0888138034955374","2","0.59301283262816051"
"Q7Z7H5","0.17048166148248001","0.17048166148248001","2","0.81436698972219579"
"P26038","0.1020293548495475","0.10641113039512499","9","0.38445661059072767"
"Q9P273","0.38131082008243733","0.40453657117729702","22","1.8194959653724507e-13"
"P40926","0.083483542539272787","0.10093772571609801","7","0.2740285497151641"
"P19338","0.097095222062781747","0.10025720179936251","10","0.30740415273386662"
"Q16537","0.13481267076610301","0.13481267076610301","2","0.91940065941145521"
"Q9Y5J9","0.19829300881482201","0.18270887755530099","3","0.54291585623980598"
"Q92896","-0.063682325276160773","-0.065784541138055402","15","6.7944311094803547e-08"
"O15439","0.104818439339305","0.1028787562992925","12","0.34727779030575179"
"O95299","0.055528946677046831","0.055795262701340803","3","0.29899946485041407"
"O00410","0.13761572963107163","0.144914065066435","3","0.92702229478258935"
"P04920","0.10354273153965277","0.089997897049963554","8","0.4286798272032295"
"Q9BT22","0.040844866150527737","0.039955254996839801","3","0.22705484552204228"
"Q86YS7","0.0031456410170582908","0.0111797272599964","7","0.012091156451584142"
"P63244","0.093275777395994283","0.096770120348264654","6","0.39369564878027374"
"P62330","0.066005232467542002","0.066005232467542002","2","0.45366481321058305"
"Q96PK6","0.0995325050015297","0.0995325050015297","2","0.66464381220693169"
"Q13443","0.21072093057199945","0.21214055364512502","8","0.21958910239396673"
"Q8IXS8","0.14352765803991219","0.14352765803991219","2","0.98476322686897388"
"O60449","0.37442967481338435","0.39416357313853351","22","8.8387494511369234e-13"
"Q9BQE5","0.05194728990552025","0.05194728990552025","2","0.37791982760888321"
"O95865","0.20276269939342501","0.20276269939342501","2","0.58997889483421839"
"O95864","0.29456068142860897","0.28674188093660802","3","0.085619248517984761"
"O15269","0.084781263521976347","0.084781263521976347","2","0.56701275358166248"
"P67812","0.243257075806144","0.243257075806144","2","0.35741553666195924"
"O15143","0.159984961644516","0.159984961644516","2","0.89188287531783239"
"O15144","0.131744785533881","0.131744785533881","2","0.89649785486854316"
"Q99536","0.14088235196616272","0.16486543264485401","3","0.95700913381924368"
"O15260","0.058774599565210001","0.058774599565210001","2","0.41368391620614975"
"P11532","0.0033866738804009949","0.0033866738804009949","2","0.18053006052665427"
"Q9Y263","0.059442806078642996","0.15067683381823599","3","0.32053915165447805"
"Q9Y262","0.1203853905679925","0.1203853905679925","2","0.81258944895505092"
"Q08211","0.12796165357556383","0.120675983373627","13","0.67265850469602118"
"Q8N1G4","0.18077477861330399","0.18077477861330399","2","0.74007648266580239"
"P53007","0.13065091299008649","0.104514933380634","5","0.82433303237386901"
"P11717","0.078940120041916126","0.0595302304872476","28","0.018894992177387385"
"Q15599","0.18390774904732682","0.17257326480357099","9","0.44347255818662779"
"Q7LGA3","0.253641103103521","0.26078511254578801","3","0.21242556697785336"
"Q6GTX8","0.16497313826218798","0.15963257284926199","3","0.82274544316130482"
"P39019","0.11872037996206777","0.121631622342022","5","0.68940376354493227"
"Q08357","0.1889674953659875","0.1889674953659875","2","0.6825968318356338"
"P16422","0.32926634607150329","0.35141239116766998","3","0.034063081628781078"
"Q9Y6M9","0.157337822566992","0.157337822566992","2","0.91162648470821295"
"P60228","0.16018838436780383","0.17480222734708051","4","0.84544603675268992"
"Q9Y6N7","0.17423170496089688","0.21069607534152501","8","0.58903943173897244"
"Q8NBN7","0.08604823452895044","0.08604823452895044","2","0.57512107753949726"
"P61289","0.078268099291529183","0.079064772270546896","3","0.43760132972538335"
"Q9Y6M0","0.19385112473232399","0.20237713350036399","3","0.57741374820038371"
"P61026","0.12717872909514233","0.112428438664208","3","0.83210765649106833"
"P09669","0.10343279526381099","0.10343279526381099","2","0.69153566759312368"
"P10301","0.13450113593079599","0.13450113593079599","2","0.91707153794897289"
"Q9UHX1","0.16596182924041367","0.181201311140754","3","0.81388153593221735"
"Q9GZU1","0.49572829511380956","0.49572829511380956","2","0.00097296677179243207"
"Q9H3N1","0.079726278123778999","0.090549467922998797","3","0.44759398125536887"
"Q9BTV4","0.27750827999178801","0.27750827999178801","2","0.21389594816179586"
"Q9NS69","0.090188015350931197","0.080266306029109599","4","0.46078705059953817"
"Q92820","0.091858106133309955","0.091858106133309955","2","0.61300441626976587"
"Q92823","-0.039422086826903804","-0.039422086826903804","2","0.081445853002730786"
"Q9NUP9","0.12843512802159174","0.1288235631922845","4","0.81960039763986803"
"Q15691","0.15377796503723401","0.15377796503723401","2","0.93826139329102665"
"P37235","0.070486218583397306","0.075524527849593195","3","0.38647474698177375"
"P00558","0.17242429564235531","0.172416766633923","3","0.75657884751498827"
"Q16891","0.090032708318584245","0.098705701709982607","14","0.16646525760356731"
"Q96DM3","0.13195605212293704","0.15863697923870601","3","0.8753352601926222"
"Q92945","0.114536723667053","0.114536723667053","2","0.77015047335132403"
"P32970","0.46950247385038163","0.49117515781564602","5","1.4069561552886039e-06"
"Q8WU39","0.041003596278857232","0.0407360081638991","3","0.22776059088692702"
"O75844","0.10811914752789546","0.10684174390038199","3","0.66582901388163829"
"Q96BI3","0.24412726174959748","0.24412726174959748","2","0.35314955288177563"
"Q92542","0.28022500826510455","0.306835191664802","4","0.072826483543366793"
"Q9BY44","0.23185827846260931","0.23185827846260931","2","0.41626730017808955"
"Q13148","0.16400492684876899","0.16400492684876899","2","0.86203182774251808"
"Q92544","0.18032177086991757","0.156111573218391","7","0.54010366356648132"
"P55769","0.14796453536509899","0.14796453536509899","2","0.98189314283303042"
"O43772","0.048769413681765877","0.050531120291121445","4","0.19730131248286745"
"Q9UIQ6","0.22670529374050361","0.2183803153701625","12","0.061163534183936885"
"P12277","0.16227417824736151","0.16227417824736151","2","0.87486227433444097"
"O43776","0.024410906420152277","0.053611492396511404","4","0.10658185955016408"
"O75787","0.34565950488927449","0.34565950488927449","2","0.059453164700141684"
"Q8N183","0.070661030620974466","0.0731693989550148","3","0.38758095269584947"
"P30825","-0.033477128787332652","-0.0339940912220483","5","0.0076688968401530605"
"P52789","0.12180274219799866","0.13261914811908951","10","0.61687498824559017"
"O60941","0.10729011214249716","0.14300994474581599","3","0.65889416062763839"
"Q15286","0.11217407961358146","0.109263308012388","5","0.61907478186771481"
"P33121","0.13653491677371449","0.13653491677371449","2","0.93228841895546144"
"P61247","0.1331809597989895","0.1331809597989895","2","0.90720984694924767"
"Q93084","0.1012700127843285","0.10264848674233","3","0.60942492427373796"
"O14745","0.17553107730227821","0.18142980702615899","5","0.65527390189344636"
"P20340","0.147308811244973","0.14677581192324299","3","0.98385870092322436"
"P09382","0.11555900080825403","0.102118956484052","5","0.65505735067794801"
"Q5JTJ3","0.48530412870266049","0.48530412870266049","2","0.0013741111674114754"
"P39023","0.074744088099590503","0.095155316524000194","3","0.413982388165965"
"O14662","0.15011020711249298","0.159993220620713","5","0.94591315205681914"
"Q9Y6M5","0.14681998768254687","0.15516280584204101","7","0.98221688297792165"
"Q8IXI1","0.11031910385493519","0.092013815787523989","8","0.50682059010923264"
"Q9HAV0","0.10494781338901793","0.10347090538021","4","0.58855054029199849"
"P62888","0.14826229106349248","0.14826229106349248","2","0.9796559685423416"
"Q14573","0.21725667931301951","0.23212714563681899","4","0.33950497974785021"
"P82979","0.11311038328513051","0.11311038328513051","2","0.7598987021225756"
"P15311","0.067852947971994607","0.072791101435023306","5","0.24717515948601138"
"O00303","0.13150090064625428","0.13150090064625428","2","0.89468252976939355"
"P53396","0.15153501728005328","0.14982308830112651","4","0.93651028188648344"
"P43121","0.1741550224690315","0.1580124109912335","12","0.50933716882231572"
"Q99805","0.22953451713000464","0.21731298893435","5","0.21102938916926342"
"Q9NRK6","0.10166432490071557","0.074606589018443206","3","0.61261519588204427"
"P20020","0.13820852751814322","0.13914313833728401","4","0.92203997594912335"
"Q99808","0.1664460978259335","0.1226582033947235","4","0.78079405627363163"
"O60762","0.071190141538440846","0.0955403830814293","5","0.26805711538720739"
"O60493","0.16726997403781033","0.13684343670011501","3","0.8021910889748759"
"Q15904","0.18880874529767225","0.19388902927400498","4","0.56450347513532462"
"O14672","0.24086573283523116","0.25139974021963352","6","0.11995477865381171"
"O43175","0.02406705694711489","0.022232040254923899","5","0.070396146444808697"
"P10599","0.12103655879957249","0.12103655879957249","2","0.8173512662129887"
"O60884","0.14614069311078048","0.14614069311078048","2","0.99559902745550355"
"P56537","0.054006636981326253","0.054006636981326253","2","0.38850695581268968"
"O60499","0.2008225495367135","0.2008225495367135","2","0.60265156659701025"
"Q92536","0.120649618662633","0.120649618662633","2","0.81452083080477766"
"O75306","0.067906954666802882","0.072804810328214453","4","0.30096745771798056"
"P61081","0.1179893118109645","0.1179893118109645","2","0.79512903511214106"
"Q02223","0.041807485634020758","0.0724756423438499","3","0.23135942546327121"
"P05771","0.13654516534898828","0.130581762182155","5","0.89325301999660867"
"P48449","0.15193679831692081","0.15922602030681249","10","0.89307625907184962"
"P31785","0.44806533529737375","0.44886826687109899","4","5.592037355895709e-05"
"P48047","0.11418773908317013","0.118756118868434","8","0.55456784208517984"
"O00214","0.14293382561948734","0.140334031932666","3","0.97587521369485919"
"Q8TD46","0.246341543806918","0.246341543806918","2","0.34244102511402863"
"Q9Y2D5","0.14445594818003982","0.14456114567863301","3","0.98988265444298218"
"Q9HCU5","0.15601649171844639","0.1191788032449686","4","0.88916990842406918"
"Q11201","0.45332001173633002","0.452693175047163","3","0.00038486726714919274"
"O15031","0.072105680653780341","0.073314358368698596","16","0.050383040389249636"
"P41240","0.14336214937734351","0.14336214937734351","2","0.98351951885438949"
"O00186","0.14122657029709207","0.126183688930085","11","0.92382359253672031"
"Q12906","0.12180563250839545","0.12538074885641801","3","0.78409534846859597"
"P06756","0.51121275052770743","0.55488027016473995","6","2.4588203784752257e-09"
"Q9H4G4","0.15838903477161448","0.15838903477161448","2","0.90377867213171781"
"Q9ULF5","0.21834315821311734","0.20998960621246701","3","0.4010684985281916"
"P27105","0.011780584840021213","0.0054908733089429496","10","0.0048400179486006211"
"Q14118","0.24087633911048598","0.24444804506587553","4","0.2041625371645478"
"Q9NR30","0.18379890536388649","0.18379890536388649","2","0.71866923872798227"
"Q6PCB8","0.29101195071957126","0.28703141360631151","4","0.052671090998964387"
"Q86SF2","0.09122979377303643","0.092040466461440248","8","0.30611881163888077"
"P53985","0.095959676502569063","0.121292282235995","5","0.4601204430312531"
"Q6UWB1","0.62316260759574538","0.60946820560702797","3","3.6112288890096749e-08"
"P26599","0.18455495522447732","0.17905603348726551","6","0.52459328269912253"
"Q14114","0.21763600310627201","0.21763600310627201","2","0.49716134101433762"
"P20339","0.17934824108110151","0.17934824108110151","2","0.7502460820022514"
"O95466","0.12418310143445929","0.11793987800337749","14","0.59429834056419639"
"P14927","0.078692367029558966","0.096916882066511403","3","0.44049395347013809"
"Q9P035","0.077187011720726173","0.13016846194594001","3","0.43027630103154524"
"O43399","0.1254904182921685","0.1229871808675831","4","0.78924935794395801"
"Q4KMQ2","0.19791448031609876","0.20665225343353","4","0.48549830526181825"
"Q01518","0.13009691218350114","0.160842690928341","3","0.85846147987746857"
"Q15056","0.1052546258211674","0.1052546258211674","2","0.70423410587831081"
"O43390","0.10909514039298149","0.10909514039298149","2","0.73127090688949958"
"P05141","0.10150231761877535","0.10150231761877535","2","0.67817417608989983"
"O60830","0.062216725826629501","0.062216725826629501","2","0.43245249767906613"
"P12956","0.02644031782688764","0.090515472246257306","5","0.076091291263933714"
"Q9NZ08","0.1769888507325415","0.1769888507325415","2","0.76716087291706148"
"Q13488","0.16506992920770081","0.17226084978116399","5","0.77132315857436673"
"Q9BVK6","0.31560894165863834","0.25124225485998603","3","0.049792268512812973"
"P09874","0.092632656579493253","0.092632656579493253","2","0.6181290581108061"
"P56589","-0.050690837312163353","-0.050690837312163353","2","0.06452956542486539"
"P23528","0.1018191041005936","0.10456746071001449","6","0.47550310280035279"
"P11836","0.02970505036565025","0.02970505036565025","2","0.2751652651264585"
"P07384","0.16084809372696351","0.139532926773236","4","0.83857218391969601"
"Q8TB96","0.279692367717018","0.279692367717018","2","0.20641124713533673"
"P27816","0.2252792073558755","0.2252792073558755","2","0.45268328612606357"
"Q00839","0.09524629078687083","0.096837507298568701","4","0.50275155331581112"
"Q16531","0.092275274125667245","0.092275274125667245","2","0.61575891696920815"
"Q9ULH0","0.27501462290230938","0.25685864584803703","11","0.004241018775556586"
"P06576","0.10936224331285813","0.106853745875435","19","0.29336773799309268"
"P61923","0.14271844461720726","0.146505688577548","3","0.97389369522699631"
"Q8IW92","0.34685519377843316","0.31687522348756902","7","0.00038955620609107909"
"Q9BUB7","0.079807621136011031","0.068030327388573397","3","0.44815544330332691"
"P46977","0.17867170109102284","0.18626680262158599","7","0.55949804857869978"
"Q6NUK1","0.073770710774092835","0.077862547467736798","7","0.20587360789456546"
"P16615","0.11196385074255844","0.110375149802926","11","0.45805617468299986"
"P11279","0.23416663344363245","0.279226393048851","6","0.14827974301293029"
"Q9UHN6","0.23690825300708251","0.23690825300708251","2","0.38951809503199142"
"Q9Y639","-0.1231139878742613","-0.1231139878742613","2","0.011389810848562641"
"Q14699","0.17351426878750867","0.17979677036149599","9","0.57638655831298879"
"Q12767","0.059584988714292283","0.054042687549384336","4","0.25212330606924521"
"Q14697","0.16899313505002586","0.17650885522106252","6","0.70217163454802223"
"P62269","0.094198019258020918","0.12743783136932599","3","0.55353035360662228"
"Q9ULV4","0.12427093056819938","0.142886273895864","5","0.7512468939595156"
"P29323","0.15997156880854535","0.139877339938039","3","0.8679095183650769"
"P29320","0.11242050729114193","0.117055233877364","3","0.70227039874272013"
"Q15717","0.15180086654240016","0.15180086654240016","2","0.9530865970039224"
"P04899","0.11794233423620662","0.100161321625323","10","0.56084245496547269"
"P62834","0.10080721522753872","0.10080721522753872","2","0.6733876259043351"
"P62263","0.10450850663183125","0.10450850663183125","2","0.69902439955075168"
"P08758","0.075903124915851314","0.071734771755313551","12","0.10804369736848657"
"Q8NBJ4","0.55055846532888797","0.58760730411619","4","6.8886229650008196e-08"
"Q9Y512","0.069947328511361831","0.055395918402910749","6","0.21737790963003131"
"P08754","0.1337089289706738","0.15257807558448999","7","0.83463819242708515"
"Q9Y295","0.076453104508795444","0.076453104508795444","2","0.51511189013365044"
"Q3ZCQ8","0.0034742437743585514","0.074926075046101603","4","0.058418591749700016"
"P23284","0.04888820019946933","0.035734717638784698","9","0.053418298411603539"
"Q07812","0.60777351922987466","0.60777351922987466","2","1.3550188336278677e-05"
"Q9NQ11","0.14937648726764843","0.13046594292859051","4","0.95940134031671143"
"Q56VL3","0.077673257168504498","0.077673257168504498","2","0.52255451354498605"
"Q9BVV7","0.018645902572806301","0.018645902572806301","2","0.2319259169276105"
"P01591","0.55823696051860672","0.570043401964623","3","1.9335752860846219e-06"
"P62937","0.057284043337515952","0.10243249071324","5","0.18863515976745088"
"P09622","0.15501427996934","0.13798227912793901","3","0.91310291484485395"
"Q9P241","0.070384985417369691","0.070384985417369691","2","0.47890676966534218"
"P36873","0.14571144656093798","0.14571144656093798","2","0.99882509095076799"
"Q96CT7","0.14179392424169765","0.13129758280176501","3","0.9653898269272293"
"P56134","0.11289167740632899","0.11289167740632899","2","0.75833045377958286"
"Q9BZZ5","0.16486877305412734","0.14814818678620115","4","0.7969689789380503"
"O43861","0.1977229113998755","0.1977229113998755","2","0.62314978296997847"
"Q9Y266","0.15662205934217699","0.15662205934217699","2","0.91697468287329797"
"Q13438","0.11410854303963601","0.083522631807186901","3","0.71677086562441805"
"Q10567","0.16486037683403099","0.183369699486848","3","0.82375845409689963"
"P23634","0.12845970467682008","0.130822488177708","3","0.8436551672220769"
"Q96HY6","0.044266035622892469","0.044266035622892469","2","0.34003922666913655"
"P53990","0.073529276157705048","0.073529276157705048","2","0.49748976458049321"
"Q15125","0.12947159301308267","0.11312476524472","3","0.85279957542818363"
"P53992","0.18072008106474649","0.18860544310253549","6","0.56616054579360031"
"P47712","0.023462472910948828","0.045857035815982099","3","0.1589833704951249"
"P36578","0.10690780602157543","0.1115592778861655","8","0.46657030933344668"
"P78371","0.075562125813946238","0.080611914792287409","8","0.18732214668645253"
"P17252","0.20576213074035721","0.19505739992681201","5","0.36988737982115882"
"Q9NUM4","0.36931737159300304","0.36931737159300304","2","0.035059029296688984"
"Q6DD88","0.11070769273430574","0.13068167286458149","8","0.51151575695459384"
"P11117","0.39573393326823958","0.371221784598744","5","0.00019476976575894146"
"P43250","0.14907496584551425","0.12738075147891986","4","0.96260248689071903"
"Q8NHS3","-0.00023534330648724948","-0.00023534330648724948","2","0.16967136643246958"
"Q9UJS0","0.083194849705390095","0.084255619744095206","4","0.40613737119081617"
"Q9Y4D1","0.15010989195549468","0.160786049534342","7","0.93602734471113758"
"P46776","0.097788807485770457","0.097788807485770457","2","0.65275703414158326"
"P46777","0.08130845144622395","0.08130845144622395","2","0.54506489288027349"
"Q9BY50","0.30761306275228234","0.29727093545456901","3","0.061547382615801109"
"Q9H3U5","0.27007752308669053","0.27007752308669053","2","0.2408273966005994"
"Q99832","0.11744755763362154","0.11539457527091081","6","0.64654084857809868"
"P10620","0.069541397161141646","0.069541397161141646","2","0.4739846695079567"
"Q9Y277","0.088919442321718112","0.094602830667012305","7","0.31825749245595736"
"Q13555","0.261174681987625","0.261174681987625","2","0.2761240410801063"
"P49768","0.39259416373266798","0.37901350948361401","3","0.0043745012927061764"
"O95721","0.1623572097907745","0.1623572097907745","2","0.87424587995715397"
"Q6IAA8","0.26647519665843533","0.26661487425232","6","0.048523796579471465"
"Q96QK1","0.12406464701564575","0.14413025771355301","10","0.65080783980638901"
"P55011","0.15795546340128414","0.1356327859131525","10","0.79395345942132933"
"Q14974","0.099367625643843632","0.12774965016527801","5","0.49152115312633338"
"Q9NRW7","0.13798332905882457","0.14606165421277401","7","0.89385196020774993"
"Q8IYS2","0.2393091921605798","0.24075444446624","5","0.16262109416722251"
"Q9H7Z7","0.14650470664057799","0.117897458674925","3","0.99125943493104629"
"P22695","0.041654539368384327","0.079748884957983296","12","0.016528890855392612"
"Q12907","0.056403890417103919","0.055224274505210301","7","0.11617696007647232"
"Q6P2Q9","0.077658129178344665","0.103437773407567","7","0.23152129235821517"
"P62158","0.12586616606256101","0.122534425683649","4","0.79310501843975079"
"Q12955","0.12813730958491301","0.12813730958491301","2","0.8696780515589253"
"P32942","0.09421682302424654","0.096496412788839192","8","0.33346736197065951"
"P60900","0.11163653317973514","0.094696317292293802","3","0.69557473023940775"
"P01111","0.1551011563970725","0.1551011563970725","2","0.9283514735187095"
"P43007","0.079924383416003747","0.0917875275617763","7","0.24745447063944753"
"Q92973","0.10742556454213764","0.109331314607474","3","0.66002381029549162"
"Q96DX4","0.067601531615511828","0.050955299465782998","5","0.24564571202054319"
"P11021","0.091270391117447169","0.097891828673956599","17","0.13602976271297762"
"P12004","0.064085065804539265","0.089448579589739993","3","0.34728511288752728"
"Q96A26","0.13425424848144601","0.13425424848144601","2","0.9152262621626045"
"O75976","0.020411793811693415","-0.015022914061815501","7","0.027440435125562948"
"Q9BXK5","0.03570969406945855","0.03570969406945855","2","0.30081728080535952"
